"Date(UTC)","Market","Type","Price","Amount","Total","Fee","Fee Coin"
"2018-11-27 10:15:32","EOSETH","BUY","0.02818","5.27","0.14850860","0.00244165","BNB"
"2018-11-27 10:11:01","EOSETH","BUY","0.0287","4.93","0.14149100","0.00233727","BNB"
"2018-11-27 05:31:29","EOSETH","BUY","0.02914","4.62","0.13462680","0.0022323","BNB"
"2018-11-27 03:01:55","LTCETH","SELL","0.2799","0.008","0.00223920","0.00003654","BNB"
"2018-11-27 03:01:43","LTCETH","SELL","0.2799","1.194","0.33420060","0.00544926","BNB"
"2018-11-26 23:49:03","BNBETH","SELL","0.04553","7.58","0.34511740","0.00566837","BNB"
"2018-11-26 20:37:18","EOSETH","SELL","0.02958","9.53","0.28189740","0.00474557","BNB"
"2018-11-26 18:24:16","BNBETH","BUY","0.04474","7.59","0.33957660","0.0056925","BNB"
"2018-11-26 18:24:16","BNBETH","BUY","0.04475","0.3","0.01342500","0.000225","BNB"
"2018-11-26 17:41:44","LTCETH","SELL","0.2745","0.212","0.05819400","0.00096918","BNB"
"2018-11-26 17:41:44","LTCETH","SELL","0.2745","0.072","0.01976400","0.0003291","BNB"
"2018-11-26 17:41:30","LTCETH","SELL","0.2745","0.285","0.07823250","0.0013035","BNB"
"2018-11-26 17:41:28","LTCETH","SELL","0.2745","0.303","0.08317350","0.00138557","BNB"
"2018-11-26 17:41:21","LTCETH","SELL","0.2745","0.065","0.01784250","0.00029754","BNB"
"2018-11-26 17:33:39","BNBETH","SELL","0.04494","0.01","0.00044940","0.00000749","BNB"
"2018-11-26 17:33:34","BNBETH","SELL","0.04494","24.98","1.12260120","0.01873111","BNB"
"2018-11-26 17:33:34","BNBETH","SELL","0.04494","8.64","0.38828160","0.00647964","BNB"
"2018-11-26 14:31:26","ZENETH","BUY","0.05452","1.356","0.07392912","0.00125478","BNB"
"2018-11-26 14:31:26","ZENETH","BUY","0.05452","2.168","0.11819936","0.00200616","BNB"
"2018-11-26 14:31:07","ZENETH","BUY","0.05467","0.342","0.01869714","0.00031603","BNB"
"2018-11-26 14:30:47","ZENETH","BUY","0.05467","3.719","0.20331773","0.00348132","BNB"
"2018-11-26 14:30:28","ZENETH","BUY","0.05467","1.872","0.10234224","0.00175042","BNB"
"2018-11-26 14:29:34","ZENETH","BUY","0.05467","1.261","0.06893887","0.00117836","BNB"
"2018-11-26 14:23:27","LTCETH","BUY","0.266","0.485","0.12901000","0.00218628","BNB"
"2018-11-26 12:15:40","ZENETH","BUY","0.05744","2.704","0.15531776","0.00261437","BNB"
"2018-11-26 08:28:23","LTCETH","BUY","0.2709","0.454","0.12298860","0.00207384","BNB"
"2018-11-26 08:06:03","ZENETH","SELL","0.05876","2.701","0.15871076","0.00266467","BNB"
"2018-11-26 02:11:38","LTCETH","SELL","0.2712","0.007","0.00189840","0.00003192","BNB"
"2018-11-25 22:02:30","LTCETH","SELL","0.2712","1.138","0.30862560","0.00524472","BNB"
"2018-11-25 21:29:39","EOSETH","BUY","0.0287","4.93","0.14149100","0.00245492","BNB"
"2018-11-25 17:15:55","EOSETH","BUY","0.02914","4.62","0.13462680","0.00234194","BNB"
"2018-11-25 12:30:04","EOSETH","SELL","0.02958","9.53","0.28189740","0.00485151","BNB"
"2018-11-25 11:01:38","EOSETH","BUY","0.0287","4.93","0.14149100","0.00247854","BNB"
"2018-11-25 10:57:10","EOSETH","BUY","0.02914","4.62","0.13462680","0.00234609","BNB"
"2018-11-25 10:19:50","ZENETH","BUY","0.05688","0.886","0.05039568","0.00085422","BNB"
"2018-11-25 10:19:04","ZENETH","BUY","0.05688","0.88","0.05005440","0.00084688","BNB"
"2018-11-25 10:19:04","ZENETH","BUY","0.05688","1.407","0.08003016","0.00135405","BNB"
"2018-11-25 10:18:02","ZENETH","BUY","0.05688","0.044","0.00250272","0.00004233","BNB"
"2018-11-25 10:03:56","EOSETH","SELL","0.03003","8.39","0.25195170","0.00422597","BNB"
"2018-11-25 09:33:31","EOSETH","SELL","0.02981","3.92","0.11685520","0.00195912","BNB"
"2018-11-25 07:12:35","EOSETH","BUY","0.02914","3.93","0.11452020","0.00195426","BNB"
"2018-11-25 04:27:35","ZENETH","BUY","0.0589","6.359","0.37454510","0.0064148","BNB"
"2018-11-25 04:27:33","ZENETH","BUY","0.05892","2.958","0.17428536","0.00298395","BNB"
"2018-11-24 22:24:31","BNBETH","BUY","0.04294","1.75","0.07514500","0.0013125","BNB"
"2018-11-24 22:24:31","BNBETH","BUY","0.04294","7.55","0.32419700","0.0056625","BNB"
"2018-11-24 21:48:59","EOSETH","SELL","0.02958","8.1","0.23959800","0.0041217","BNB"
"2018-11-24 21:48:14","ZENETH","BUY","0.06067","2.554","0.15495118","0.00267695","BNB"
"2018-11-24 21:48:03","ZENETH","BUY","0.06067","0.182","0.01104194","0.00019065","BNB"
"2018-11-24 19:50:56","ZENETH","BUY","0.06217","0.355","0.02207035","0.0003788","BNB"
"2018-11-24 19:41:58","EOSETH","BUY","0.0287","4.19","0.12025300","0.00205713","BNB"
"2018-11-24 19:01:00","ZENETH","BUY","0.06217","2.188","0.13602796","0.00233339","BNB"
"2018-11-24 12:39:52","EOSETH","BUY","0.02914","3.93","0.11452020","0.00196349","BNB"
"2018-11-24 12:21:05","BNBETH","BUY","0.04389","8.67","0.38052630","0.0065025","BNB"
"2018-11-23 13:16:36","LTCETH","SELL","0.2636","0.002","0.00052720","0.00000875","BNB"
"2018-11-23 13:14:45","LTCETH","SELL","0.2636","1.088","0.28679680","0.00474339","BNB"
"2018-11-23 12:17:06","ZENETH","BUY","0.06344","2.373","0.15054312","0.00252331","BNB"
"2018-11-23 05:23:50","BNBETH","BUY","0.0447","8.1","0.36207000","0.006075","BNB"
"2018-11-22 23:28:44","REPETH","SELL","0.07923","2.495","0.19767885","0.00325429","BNB"
"2018-11-22 23:28:41","REPETH","SELL","0.07923","1.011","0.08010153","0.00132042","BNB"
"2018-11-22 16:44:06","REPETH","SELL","0.07336","3.341","0.24509576","0.0040457","BNB"
"2018-11-22 11:26:06","REPETH","SELL","0.07006","1.997","0.13990982","0.00231432","BNB"
"2018-11-22 11:26:03","REPETH","SELL","0.07006","1.185","0.08302110","0.00137271","BNB"
"2018-11-22 07:11:49","REPETH","SELL","0.06796","0.904","0.06143584","0.00100683","BNB"
"2018-11-22 05:58:51","BNBETH","BUY","0.04539","7.6","0.34496400","0.0057","BNB"
"2018-11-22 04:00:00","REPETH","SELL","0.06796","2.126","0.14448296","0.00238677","BNB"
"2018-11-21 23:19:05","BNBETH","SELL","0.04521","32.03","1.44807630","0.02407944","BNB"
"2018-11-21 21:30:50","REPETH","SELL","0.0661","2.886","0.19076460","0.00321075","BNB"
"2018-11-21 19:13:32","REPETH","SELL","0.06447","1.699","0.10953453","0.00182772","BNB"
"2018-11-21 19:04:26","REPETH","SELL","0.06447","1.05","0.06769350","0.00113142","BNB"
"2018-11-20 23:08:30","LTCETH","SELL","0.257","1.038","0.26676600","0.00442986","BNB"
"2018-11-20 23:08:25","EOSETH","SELL","0.02915","7.99","0.23290850","0.00388585","BNB"
"2018-11-20 22:44:44","REPETH","SELL","0.06305","2.618","0.16506490","0.00282967","BNB"
"2018-11-20 17:33:06","REPETH","SELL","0.06183","2.329","0.14400207","0.00255207","BNB"
"2018-11-20 17:26:40","REPETH","SELL","0.06183","0.164","0.01014012","0.00017886","BNB"
"2018-11-20 09:32:47","REPETH","SELL","0.0608","2.374","0.14433920","0.00247886","BNB"
"2018-11-20 09:11:43","REPETH","SELL","0.05996","0.495","0.02968020","0.00051216","BNB"
"2018-11-20 09:09:56","REPETH","SELL","0.05996","0.222","0.01331112","0.00022915","BNB"
"2018-11-20 09:03:58","REPETH","SELL","0.05996","1.544","0.09257824","0.0016315","BNB"
"2018-11-20 09:01:50","REPETH","BUY","0.05934","4.993","0.29628462","0.00518589","BNB"
"2018-11-20 09:01:50","REPETH","BUY","0.05934","2.141","0.12704694","0.00222371","BNB"
"2018-11-20 08:56:06","BNBETH","BUY","0.04299","7.37","0.31683630","0.0055275","BNB"
"2018-11-20 08:56:06","BNBETH","BUY","0.04299","1.49","0.06405510","0.0011175","BNB"
"2018-11-20 06:51:50","REPETH","SELL","0.06162","2.493","0.15361866","0.00257833","BNB"
"2018-11-20 06:39:20","REPETH","SELL","0.0606","2.374","0.14386440","0.00241971","BNB"
"2018-11-20 06:13:01","EOSETH","SELL","0.02836","4.11","0.11655960","0.00196982","BNB"
"2018-11-20 06:12:58","EOSETH","SELL","0.02836","0.53","0.01503080","0.00025433","BNB"
"2018-11-20 06:12:58","EOSETH","SELL","0.02836","0.92","0.02609120","0.00044149","BNB"
"2018-11-20 06:12:56","EOSETH","SELL","0.02836","0.61","0.01729960","0.00029229","BNB"
"2018-11-20 06:12:55","EOSETH","SELL","0.02836","0.46","0.01304560","0.00022049","BNB"
"2018-11-20 06:12:54","EOSETH","SELL","0.02836","0.62","0.01758320","0.00029703","BNB"
"2018-11-20 06:12:53","EOSETH","SELL","0.02836","0.36","0.01020960","0.0001725","BNB"
"2018-11-20 05:28:14","REPETH","SELL","0.05976","2.261","0.13511736","0.00229108","BNB"
"2018-11-20 02:15:18","EOSETH","SELL","0.02765","7.25","0.20046250","0.00334755","BNB"
"2018-11-20 01:28:55","LTCETH","SELL","0.2513","0.989","0.24853570","0.00416588","BNB"
"2018-11-19 23:43:51","LTCETH","SELL","0.2465","0.778","0.19177700","0.00322696","BNB"
"2018-11-19 23:34:23","LTCETH","SELL","0.2465","0.164","0.04042600","0.00067972","BNB"
"2018-11-19 19:48:05","BNBETH","BUY","0.04394","8.25","0.36250500","0.0061875","BNB"
"2018-11-19 19:18:23","ZENETH","BUY","0.06265","4.372","0.27390580","0.00467392","BNB"
"2018-11-19 19:14:10","ZENETH","BUY","0.06265","1.322","0.08282330","0.00141516","BNB"
"2018-11-19 15:18:46","LTCETH","SELL","0.2426","0.897","0.21761220","0.00365147","BNB"
"2018-11-19 14:00:18","BNBETH","BUY","0.04475","7.72","0.34547000","0.00579","BNB"
"2018-11-19 13:51:33","LTCETH","BUY","0.2384","1.843","0.43937120","0.00731367","BNB"
"2018-11-19 13:29:00","BNBETH","BUY","0.04544","1.27","0.05770880","0.0009525","BNB"
"2018-11-19 13:29:00","BNBETH","BUY","0.04544","5.97","0.27127680","0.0044775","BNB"
"2018-11-19 10:43:21","REPETH","BUY","0.06255","4.637","0.29004435","0.0047836","BNB"
"2018-11-19 09:14:18","REPETH","SELL","0.0644","2.373","0.15282120","0.00247289","BNB"
"2018-11-19 08:05:31","LTCETH","SELL","0.2465","0.941","0.23195650","0.00373483","BNB"
"2018-11-19 08:05:17","REPETH","SELL","0.06351","2.26","0.14353260","0.0023097","BNB"
"2018-11-19 08:03:15","EOSETH","SELL","0.02702","6.9","0.18643800","0.00301197","BNB"
"2018-11-19 07:52:47","REPETH","BUY","0.06232","7.131","0.44440392","0.00733098","BNB"
"2018-11-19 07:27:13","BNBETH","SELL","0.04569","7.44","0.33993360","0.00557574","BNB"
"2018-11-19 07:26:54","BNBETH","SELL","0.04569","0.23","0.01050870","0.00017241","BNB"
"2018-11-19 07:26:46","BNBETH","SELL","0.04569","15.1","0.68991900","0.01131627","BNB"
"2018-11-19 06:40:22","EOSETH","SELL","0.02646","1.4","0.03704400","0.00061278","BNB"
"2018-11-19 06:28:48","EOSETH","SELL","0.02646","5.17","0.13679820","0.00226021","BNB"
"2018-11-19 05:50:11","REPETH","SELL","0.06471","0.937","0.06063327","0.00100015","BNB"
"2018-11-19 05:50:06","REPETH","SELL","0.06471","1.555","0.10062405","0.00166026","BNB"
"2018-11-19 05:49:04","LTCETH","SELL","0.2426","0.148","0.03590480","0.00059439","BNB"
"2018-11-19 05:49:03","LTCETH","SELL","0.2426","0.748","0.18146480","0.00300441","BNB"
"2018-11-19 05:48:50","REPETH","SELL","0.06364","1.75","0.11137000","0.00184679","BNB"
"2018-11-19 05:48:42","REPETH","SELL","0.06364","0.623","0.03964772","0.00065881","BNB"
"2018-11-19 01:06:36","LTCETH","BUY","0.2365","0.023","0.00543950","0.00009007","BNB"
"2018-11-19 01:06:34","LTCETH","BUY","0.2365","0.876","0.20717400","0.0034408","BNB"
"2018-11-18 10:13:35","REPETH","SELL","0.06276","2.26","0.14183760","0.00236461","BNB"
"2018-11-18 06:34:46","REPETH","BUY","0.06181","4.637","0.28661297","0.00483709","BNB"
"2018-11-17 09:21:01","BNBETH","BUY","0.04394","8.11","0.35635340","0.0060825","BNB"
"2018-11-16 19:51:53","REPETH","SELL","0.06364","2.372","0.15095408","0.00250209","BNB"
"2018-11-16 18:14:07","REPETH","SELL","0.06276","2.261","0.14190036","0.00235227","BNB"
"2018-11-16 16:10:25","REPETH","BUY","0.06136","2.261","0.13873496","0.00230915","BNB"
"2018-11-16 13:17:39","REPETH","SELL","0.06276","2.259","0.14177484","0.00235047","BNB"
"2018-11-15 23:37:06","EOSETH","SELL","0.02597","6.26","0.16257220","0.00269529","BNB"
"2018-11-15 21:21:18","BNBETH","BUY","0.04475","7.58","0.33920500","0.005685","BNB"
"2018-11-15 16:08:47","EOSETH","SELL","0.02554","5.96","0.15221840","0.00249703","BNB"
"2018-11-15 15:48:23","EOSETH","SELL","0.02516","5.68","0.14290880","0.00234932","BNB"
"2018-11-15 15:08:09","EOSETH","BUY","0.02497","17.93","0.44771210","0.0073857","BNB"
"2018-11-15 14:52:29","BNBETH","BUY","0.04544","7.11","0.32307840","0.0053325","BNB"
"2018-11-15 13:06:26","LTCETH","SELL","0.2426","0.896","0.21736960","0.00355318","BNB"
"2018-11-14 21:07:01","EOSETH","SELL","0.02597","6.26","0.16257220","0.00263257","BNB"
"2018-11-14 20:20:56","EOSETH","SELL","0.02554","5.96","0.15221840","0.00244831","BNB"
"2018-11-14 19:05:07","EOSETH","SELL","0.02516","2.51","0.06315160","0.00101535","BNB"
"2018-11-14 19:05:07","EOSETH","SELL","0.02516","1.49","0.03748840","0.00060278","BNB"
"2018-11-14 19:05:06","EOSETH","SELL","0.02516","1.68","0.04226880","0.00067963","BNB"
"2018-11-14 17:55:44","LTCETH","BUY","0.2358","0.123","0.02900340","0.00047321","BNB"
"2018-11-14 17:55:44","LTCETH","BUY","0.2358","0.82","0.19335600","0.00315477","BNB"
"2018-11-14 17:53:14","EOSETH","BUY","0.02456","6.27","0.15399120","0.00251138","BNB"
"2018-11-14 17:46:42","REPETH","BUY","0.0615","0.822","0.05055300","0.00082475","BNB"
"2018-11-14 17:46:42","REPETH","BUY","0.0615","4.045","0.24876750","0.00405854","BNB"
"2018-11-14 16:59:56","EOSETH","BUY","0.02466","11.66","0.28753560","0.00472432","BNB"
"2018-11-14 16:44:52","REPETH","BUY","0.06244","2.261","0.14117684","0.00228406","BNB"
"2018-11-14 16:32:32","LTCETH","BUY","0.2389","0.898","0.21453220","0.00337707","BNB"
"2018-11-14 16:22:11","EOSETH","SELL","0.02586","6.26","0.16188360","0.00254517","BNB"
"2018-11-14 16:22:05","REPETH","SELL","0.06585","2.491","0.16403235","0.0025761","BNB"
"2018-11-14 15:58:33","REPETH","SELL","0.06476","2.372","0.15361072","0.00246652","BNB"
"2018-11-14 15:57:07","LTCETH","SELL","0.2491","0.94","0.23415400","0.00377392","BNB"
"2018-11-14 15:56:35","BNBETH","SELL","0.04647","5.72","0.26580840","0.00428695","BNB"
"2018-11-14 15:56:33","BNBETH","SELL","0.04647","1.01","0.04693470","0.00075785","BNB"
"2018-11-14 15:56:33","BNBETH","SELL","0.04647","0.28","0.01301160","0.00021009","BNB"
"2018-11-14 15:15:19","LTCETH","SELL","0.2451","0.895","0.21936450","0.00358184","BNB"
"2018-11-14 11:02:21","BNBETH","BUY","0.04544","1.5","0.06816000","0.001125","BNB"
"2018-11-14 11:01:58","BNBETH","BUY","0.04544","5.52","0.25082880","0.00414","BNB"
"2018-11-14 10:00:59","EOSETH","SELL","0.02544","5.46","0.13890240","0.00229586","BNB"
"2018-11-14 10:00:20","EOSETH","SELL","0.02544","0.5","0.01272000","0.00021051","BNB"
"2018-11-14 09:57:09","BNBETH","SELL","0.04539","14.63","0.66405570","0.01097397","BNB"
"2018-11-13 19:11:18","REPETH","SELL","0.06386","1.041","0.06647826","0.0011132","BNB"
"2018-11-13 19:10:49","REPETH","SELL","0.06386","0.218","0.01392148","0.00023297","BNB"
"2018-11-13 19:10:49","REPETH","SELL","0.06386","0.218","0.01392148","0.00023297","BNB"
"2018-11-13 19:10:48","REPETH","SELL","0.06386","0.782","0.04993852","0.00083582","BNB"
"2018-11-13 19:09:05","EOSETH","SELL","0.02506","5.68","0.14234080","0.00238325","BNB"
"2018-11-13 18:57:24","EOSETH","BUY","0.0249","38.68","0.96313200","0.01618275","BNB"
"2018-11-13 14:21:11","REPETH","BUY","0.06332","2.261","0.14316652","0.00241935","BNB"
"2018-11-12 12:28:49","REPETH","SELL","0.06476","2.259","0.14629284","0.00248361","BNB"
"2018-11-12 07:35:16","REPETH","BUY","0.0644","2.261","0.14560840","0.00245598","BNB"
"2018-11-12 07:19:04","ZENETH","BUY","0.06752","8.479","0.57250208","0.00965719","BNB"
"2018-11-12 06:24:02","BNBETH","BUY","0.04407","7.56","0.33316920","0.00567","BNB"
"2018-11-11 19:50:36","REPETH","SELL","0.06586","0.001","0.00006586","0.00000116","BNB"
"2018-11-11 18:46:03","REPETH","SELL","0.06586","2.258","0.14871188","0.00248614","BNB"
"2018-11-11 16:21:39","REPETH","BUY","0.06548","0.001","0.00006548","0.00000109","BNB"
"2018-11-11 16:21:39","REPETH","BUY","0.06548","24.182","1.58343736","0.02658179","BNB"
"2018-11-11 16:21:39","REPETH","BUY","0.06548","0.731","0.04786588","0.00080354","BNB"
"2018-11-10 18:40:32","BNBETH","BUY","0.04474","7.09","0.31720660","0.0053175","BNB"
"2018-11-09 21:38:52","ZENETH","SELL","0.07289","8.479","0.61803431","0.01020586","BNB"
"2018-11-08 06:50:07","BNBETH","SELL","0.04555","5.05","0.23002750","0.00378647","BNB"
"2018-11-08 06:48:08","BNBETH","SELL","0.04555","1.9","0.08654500","0.00142557","BNB"
"2018-11-08 06:47:45","BNBETH","SELL","0.04555","0.13","0.00592150","0.00009753","BNB"
"2018-11-07 08:55:46","LTCETH","BUY","0.2501","1.154","0.28861540","0.00486649","BNB"
"2018-11-07 08:55:45","LTCETH","BUY","0.2501","0.663","0.16581630","0.00279591","BNB"
"2018-11-07 08:55:45","LTCETH","BUY","0.2501","0.024","0.00600240","0.0001012","BNB"
"2018-11-07 08:00:33","BNBETH","BUY","0.04474","4.21","0.18835540","0.0031575","BNB"
"2018-11-07 08:00:33","BNBETH","BUY","0.04474","2.88","0.12885120","0.00216","BNB"
"2018-11-07 04:55:28","BNBETH","SELL","0.0449","57.32","2.57366800","0.04295484","BNB"
"2018-11-07 00:24:05","BNBETH","BUY","0.04452","22.99","1.02351480","0.0172425","BNB"
"2018-11-07 00:24:01","BNBETH","BUY","0.04452","3.03","0.13489560","0.0022725","BNB"
"2018-11-07 00:24:01","BNBETH","BUY","0.04452","15.92","0.70875840","0.01194","BNB"
"2018-11-07 00:23:56","BNBETH","BUY","0.04452","1.67","0.07434840","0.0012525","BNB"
"2018-11-06 00:53:13","LTCETH","SELL","0.2585","0.94","0.24299000","0.00392789","BNB"
"2018-11-05 16:14:49","LTCETH","SELL","0.2544","0.218","0.05545920","0.00090119","BNB"
"2018-11-05 16:14:49","LTCETH","SELL","0.2544","0.677","0.17222880","0.00279864","BNB"
"2018-11-05 15:21:03","LTCETH","BUY","0.2535","3.866","0.98003100","0.01599199","BNB"
"2018-11-04 18:18:55","ZENETH","BUY","0.06594","2.016","0.13293504","0.00215712","BNB"
"2018-11-04 18:18:52","ZENETH","BUY","0.06594","1.806","0.11908764","0.00193743","BNB"
"2018-11-04 18:18:52","ZENETH","BUY","0.06594","1.33","0.08770020","0.00142679","BNB"
"2018-11-04 16:24:38","LTCETH","SELL","0.2676","0.001","0.00026760","0.0000043","BNB"
"2018-11-04 16:24:35","LTCETH","SELL","0.2676","0.825","0.22077000","0.00352083","BNB"
"2018-11-04 16:24:35","LTCETH","SELL","0.2676","0.209","0.05592840","0.00089196","BNB"
"2018-11-04 08:59:53","LTCETH","SELL","0.2617","0.986","0.25803620","0.00406","BNB"
"2018-11-03 14:34:05","REPETH","SELL","0.07663","3.335","0.25556105","0.0040233","BNB"
"2018-11-03 12:49:10","EOSETH","SELL","0.02687","7.25","0.19480750","0.00306603","BNB"
"2018-11-03 11:14:53","ZENETH","BUY","0.0688","2.379","0.16367520","0.0026058","BNB"
"2018-11-03 11:14:53","ZENETH","BUY","0.0688","0.177","0.01217760","0.00019386","BNB"
"2018-11-03 11:14:53","ZENETH","BUY","0.0688","0.875","0.06020000","0.00095841","BNB"
"2018-11-03 11:14:53","ZENETH","BUY","0.0688","1.272","0.08751360","0.00139326","BNB"
"2018-11-02 21:27:42","ZENETH","BUY","0.07127","4.324","0.30817148","0.00488822","BNB"
"2018-11-02 13:13:49","LTCETH","SELL","0.2567","0.939","0.24104130","0.00378943","BNB"
"2018-11-01 17:50:35","ZENETH","BUY","0.07339","3.99","0.29282610","0.0045838","BNB"
"2018-11-01 17:50:25","ZENETH","BUY","0.07339","0.001","0.00007339","0.00000114","BNB"
"2018-11-01 17:50:25","ZENETH","BUY","0.07339","0.001","0.00007339","0.00000114","BNB"
"2018-11-01 17:50:24","ZENETH","BUY","0.07339","0.001","0.00007339","0.00000114","BNB"
"2018-11-01 17:50:22","ZENETH","BUY","0.07339","0.003","0.00022017","0.00000344","BNB"
"2018-11-01 17:50:19","ZENETH","BUY","0.07339","0.003","0.00022017","0.00000344","BNB"
"2018-11-01 12:35:25","ZENETH","BUY","0.0752","1.045","0.07858400","0.00123636","BNB"
"2018-11-01 12:35:24","ZENETH","BUY","0.0752","2.672","0.20093440","0.0031613","BNB"
"2018-11-01 08:16:20","ZENETH","SELL","0.07846","0.021","0.00164766","0.00002592","BNB"
"2018-11-01 08:16:20","ZENETH","SELL","0.07846","3.445","0.27029470","0.00424712","BNB"
"2018-11-01 05:40:02","ZENETH","BUY","0.07674","3.393","0.26037882","0.00408919","BNB"
"2018-11-01 05:39:50","ZENETH","BUY","0.07674","0.001","0.00007674","0.0000012","BNB"
"2018-11-01 05:39:49","ZENETH","BUY","0.07674","0.001","0.00007674","0.0000012","BNB"
"2018-11-01 05:39:49","ZENETH","BUY","0.07674","0.001","0.00007674","0.0000012","BNB"
"2018-11-01 05:39:49","ZENETH","BUY","0.07674","0.001","0.00007674","0.0000012","BNB"
"2018-11-01 05:39:49","ZENETH","BUY","0.07674","0.001","0.00007674","0.0000012","BNB"
"2018-11-01 05:39:48","ZENETH","BUY","0.07674","0.001","0.00007674","0.0000012","BNB"
"2018-11-01 05:39:48","ZENETH","BUY","0.07674","0.001","0.00007674","0.0000012","BNB"
"2018-11-01 05:39:48","ZENETH","BUY","0.07674","0.001","0.00007674","0.0000012","BNB"
"2018-11-01 05:39:48","ZENETH","BUY","0.07674","0.001","0.00007674","0.0000012","BNB"
"2018-11-01 05:39:47","ZENETH","BUY","0.07674","0.001","0.00007674","0.0000012","BNB"
"2018-11-01 05:39:47","ZENETH","BUY","0.07674","0.001","0.00007674","0.0000012","BNB"
"2018-11-01 05:39:47","ZENETH","BUY","0.07674","0.001","0.00007674","0.0000012","BNB"
"2018-11-01 05:39:47","ZENETH","BUY","0.07674","0.001","0.00007674","0.0000012","BNB"
"2018-11-01 05:39:46","ZENETH","BUY","0.07674","0.001","0.00007674","0.0000012","BNB"
"2018-11-01 05:39:46","ZENETH","BUY","0.07674","0.001","0.00007674","0.0000012","BNB"
"2018-11-01 05:39:46","ZENETH","BUY","0.07674","0.001","0.00007674","0.0000012","BNB"
"2018-11-01 05:39:46","ZENETH","BUY","0.07674","0.001","0.00007674","0.0000012","BNB"
"2018-11-01 05:39:45","ZENETH","BUY","0.07674","0.001","0.00007674","0.0000012","BNB"
"2018-11-01 05:39:45","ZENETH","BUY","0.07674","0.001","0.00007674","0.0000012","BNB"
"2018-11-01 05:39:45","ZENETH","BUY","0.07674","0.001","0.00007674","0.0000012","BNB"
"2018-11-01 05:39:45","ZENETH","BUY","0.07674","0.001","0.00007674","0.0000012","BNB"
"2018-11-01 05:39:45","ZENETH","BUY","0.07674","0.001","0.00007674","0.0000012","BNB"
"2018-11-01 05:39:44","ZENETH","BUY","0.07674","0.001","0.00007674","0.0000012","BNB"
"2018-11-01 05:39:44","ZENETH","BUY","0.07674","0.001","0.00007674","0.0000012","BNB"
"2018-11-01 05:39:43","ZENETH","BUY","0.07674","0.001","0.00007674","0.0000012","BNB"
"2018-11-01 05:39:43","ZENETH","BUY","0.07674","0.001","0.00007674","0.0000012","BNB"
"2018-11-01 05:39:43","ZENETH","BUY","0.07674","0.001","0.00007674","0.0000012","BNB"
"2018-11-01 05:39:42","ZENETH","BUY","0.07674","0.001","0.00007674","0.0000012","BNB"
"2018-11-01 05:39:42","ZENETH","BUY","0.07674","0.001","0.00007674","0.0000012","BNB"
"2018-11-01 05:39:41","ZENETH","BUY","0.07674","0.001","0.00007674","0.0000012","BNB"
"2018-11-01 05:39:41","ZENETH","BUY","0.07674","0.001","0.00007674","0.0000012","BNB"
"2018-11-01 05:39:41","ZENETH","BUY","0.07674","0.001","0.00007674","0.0000012","BNB"
"2018-11-01 05:39:40","ZENETH","BUY","0.07674","0.001","0.00007674","0.0000012","BNB"
"2018-11-01 05:39:40","ZENETH","BUY","0.07674","0.001","0.00007674","0.0000012","BNB"
"2018-11-01 05:39:39","ZENETH","BUY","0.07674","0.001","0.00007674","0.0000012","BNB"
"2018-11-01 05:39:39","ZENETH","BUY","0.07674","0.001","0.00007674","0.0000012","BNB"
"2018-11-01 05:39:38","ZENETH","BUY","0.07674","0.001","0.00007674","0.0000012","BNB"
"2018-11-01 05:39:38","ZENETH","BUY","0.07674","0.001","0.00007674","0.0000012","BNB"
"2018-11-01 05:39:38","ZENETH","BUY","0.07674","0.001","0.00007674","0.0000012","BNB"
"2018-11-01 05:39:38","ZENETH","BUY","0.07674","0.001","0.00007674","0.0000012","BNB"
"2018-11-01 05:39:37","ZENETH","BUY","0.07674","0.001","0.00007674","0.0000012","BNB"
"2018-11-01 05:39:37","ZENETH","BUY","0.07674","0.001","0.00007674","0.0000012","BNB"
"2018-11-01 05:39:37","ZENETH","BUY","0.07674","0.001","0.00007674","0.0000012","BNB"
"2018-11-01 05:39:37","ZENETH","BUY","0.07674","0.001","0.00007674","0.0000012","BNB"
"2018-11-01 05:39:36","ZENETH","BUY","0.07674","0.001","0.00007674","0.0000012","BNB"
"2018-11-01 05:39:36","ZENETH","BUY","0.07674","0.001","0.00007674","0.0000012","BNB"
"2018-11-01 05:39:36","ZENETH","BUY","0.07674","0.001","0.00007674","0.0000012","BNB"
"2018-11-01 05:39:36","ZENETH","BUY","0.07674","0.001","0.00007674","0.0000012","BNB"
"2018-11-01 05:39:35","ZENETH","BUY","0.07674","0.001","0.00007674","0.0000012","BNB"
"2018-11-01 05:39:35","ZENETH","BUY","0.07674","0.001","0.00007674","0.0000012","BNB"
"2018-11-01 05:39:35","ZENETH","BUY","0.07674","0.001","0.00007674","0.0000012","BNB"
"2018-11-01 05:39:35","ZENETH","BUY","0.07674","0.001","0.00007674","0.0000012","BNB"
"2018-11-01 05:39:35","ZENETH","BUY","0.07674","0.001","0.00007674","0.0000012","BNB"
"2018-11-01 05:39:34","ZENETH","BUY","0.07674","0.001","0.00007674","0.0000012","BNB"
"2018-11-01 05:39:34","ZENETH","BUY","0.07674","0.001","0.00007674","0.0000012","BNB"
"2018-11-01 05:39:34","ZENETH","BUY","0.07674","0.001","0.00007674","0.0000012","BNB"
"2018-11-01 05:39:34","ZENETH","BUY","0.07674","0.001","0.00007674","0.0000012","BNB"
"2018-11-01 05:39:33","ZENETH","BUY","0.07674","0.001","0.00007674","0.0000012","BNB"
"2018-11-01 05:39:33","ZENETH","BUY","0.07674","0.001","0.00007674","0.0000012","BNB"
"2018-11-01 05:39:33","ZENETH","BUY","0.07674","0.001","0.00007674","0.0000012","BNB"
"2018-11-01 05:39:33","ZENETH","BUY","0.07674","0.001","0.00007674","0.0000012","BNB"
"2018-11-01 05:39:33","ZENETH","BUY","0.07674","0.001","0.00007674","0.0000012","BNB"
"2018-11-01 05:39:32","ZENETH","BUY","0.07674","0.001","0.00007674","0.0000012","BNB"
"2018-11-01 05:39:32","ZENETH","BUY","0.07674","0.001","0.00007674","0.0000012","BNB"
"2018-11-01 05:39:32","ZENETH","BUY","0.07674","0.001","0.00007674","0.0000012","BNB"
"2018-11-01 05:39:31","ZENETH","BUY","0.07674","0.001","0.00007674","0.0000012","BNB"
"2018-11-01 05:39:31","ZENETH","BUY","0.07674","0.001","0.00007674","0.0000012","BNB"
"2018-11-01 05:39:31","ZENETH","BUY","0.07674","0.001","0.00007674","0.0000012","BNB"
"2018-11-01 05:39:30","ZENETH","BUY","0.07674","0.001","0.00007674","0.0000012","BNB"
"2018-11-01 05:39:30","ZENETH","BUY","0.07674","0.001","0.00007674","0.0000012","BNB"
"2018-11-01 05:39:29","ZENETH","BUY","0.07674","0.001","0.00007674","0.0000012","BNB"
"2018-11-01 05:39:29","ZENETH","BUY","0.07674","0.001","0.00007674","0.0000012","BNB"
"2018-11-01 05:39:28","ZENETH","BUY","0.07674","0.001","0.00007674","0.0000012","BNB"
"2018-11-01 05:39:28","ZENETH","BUY","0.07674","0.001","0.00007674","0.0000012","BNB"
"2018-11-01 05:39:27","ZENETH","BUY","0.07674","0.001","0.00007674","0.0000012","BNB"
"2018-11-01 05:39:27","ZENETH","BUY","0.07674","0.001","0.00007674","0.0000012","BNB"
"2018-11-01 01:00:37","ZENETH","SELL","0.078","0.225","0.01755000","0.00027564","BNB"
"2018-11-01 00:43:45","ZENETH","SELL","0.07071","4.824","0.34110504","0.00536323","BNB"
"2018-11-01 00:43:44","ZENETH","SELL","0.07071","3.534","0.24988914","0.00392898","BNB"
"2018-11-01 00:43:44","ZENETH","SELL","0.07071","3.618","0.25582878","0.00402238","BNB"
"2018-10-31 15:54:05","LTCETH","SELL","0.2526","0.894","0.22582440","0.00354884","BNB"
"2018-10-29 19:41:45","ZENETH","BUY","0.06765","4.286","0.28994790","0.00452478","BNB"
"2018-10-29 13:52:03","ZENETH","BUY","0.06932","0.001","0.00006932","0.00000108","BNB"
"2018-10-29 13:51:53","ZENETH","BUY","0.06932","3.983","0.27610156","0.00433199","BNB"
"2018-10-29 12:24:48","LTCBNB","BUY","5.29","0.6236","3.29884400","0.00247655","BNB"
"2018-10-29 11:21:43","ZENETH","BUY","0.07074","2.479","0.17536446","0.00278563","BNB"
"2018-10-29 11:21:43","ZENETH","BUY","0.07074","1.239","0.08764686","0.00139225","BNB"
"2018-10-29 10:23:50","ZENETH","SELL","0.07157","7.669","0.54887033","0.00872139","BNB"
"2018-10-29 00:25:54","ZENETH","BUY","0.06932","3.971","0.27526972","0.00436395","BNB"
"2018-10-28 14:22:44","LTCETH","BUY","0.2544","0.272","0.06919680","0.00110049","BNB"
"2018-10-28 01:29:34","ZENETH","BUY","0.07074","1.236","0.08743464","0.00137818","BNB"
"2018-10-28 00:18:32","ZENETH","BUY","0.07074","0.001","0.00007074","0.00000111","BNB"
"2018-10-28 00:18:32","ZENETH","BUY","0.07074","0.001","0.00007074","0.00000111","BNB"
"2018-10-28 00:18:32","ZENETH","BUY","0.07074","0.001","0.00007074","0.00000111","BNB"
"2018-10-28 00:18:31","ZENETH","BUY","0.07074","0.001","0.00007074","0.00000111","BNB"
"2018-10-28 00:18:31","ZENETH","BUY","0.07074","0.001","0.00007074","0.00000111","BNB"
"2018-10-28 00:18:31","ZENETH","BUY","0.07074","0.001","0.00007074","0.00000111","BNB"
"2018-10-28 00:18:16","ZENETH","BUY","0.07074","2.464","0.17430336","0.00275697","BNB"
"2018-10-27 15:15:31","ZENETH","SELL","0.07282","0.38","0.02767160","0.00043463","BNB"
"2018-10-27 15:12:20","ZENETH","SELL","0.07348","3.4","0.24983200","0.00392691","BNB"
"2018-10-27 15:11:17","ZENETH","SELL","0.07348","0.018","0.00132264","0.00002074","BNB"
"2018-10-27 14:37:15","ZENETH","BUY","0.06824","0.001","0.00006824","0.00000106","BNB"
"2018-10-27 14:36:12","ZENETH","BUY","0.06824","3.819","0.26060856","0.00410873","BNB"
"2018-10-27 13:09:49","ZENETH","SELL","0.07031","3.765","0.26471715","0.00415736","BNB"
"2018-10-27 13:09:49","ZENETH","SELL","0.07031","3.96","0.27842760","0.00437267","BNB"
"2018-10-26 08:48:27","ZENETH","BUY","0.0681","4","0.27240000","0.00427683","BNB"
"2018-10-26 06:10:38","ZENETH","BUY","0.06949","3.733","0.25940617","0.00406773","BNB"
"2018-10-25 07:58:46","ZENETH","SELL","0.07105","3.729","0.26494545","0.00412182","BNB"
"2018-10-25 05:19:04","ZENETH","BUY","0.06949","0.555","0.03856695","0.00059859","BNB"
"2018-10-25 05:18:50","ZENETH","BUY","0.06949","0.526","0.03655174","0.00056769","BNB"
"2018-10-25 05:18:50","ZENETH","BUY","0.06949","0.528","0.03669072","0.00056886","BNB"
"2018-10-25 05:18:50","ZENETH","BUY","0.06949","0.528","0.03669072","0.00056886","BNB"
"2018-10-25 05:18:49","ZENETH","BUY","0.06949","0.53","0.03682970","0.00057102","BNB"
"2018-10-25 05:18:49","ZENETH","BUY","0.06949","0.533","0.03703817","0.00057425","BNB"
"2018-10-25 05:18:49","ZENETH","BUY","0.06949","0.533","0.03703817","0.00057425","BNB"
"2018-10-25 03:40:17","ZENETH","SELL","0.07054","7.657","0.54012478","0.00843516","BNB"
"2018-10-25 02:00:46","ZENETH","BUY","0.06834","1.846","0.12615564","0.00196875","BNB"
"2018-10-25 01:44:21","ZENETH","BUY","0.06834","2.119","0.14481246","0.00226204","BNB"
"2018-10-24 20:22:03","ZENETH","BUY","0.06974","3.7","0.25803800","0.00403686","BNB"
"2018-10-24 11:51:09","ZENETH","SELL","0.0713","0.888","0.06331440","0.00099003","BNB"
"2018-10-24 11:50:18","ZENETH","SELL","0.0713","0.452","0.03222760","0.0005039","BNB"
"2018-10-24 11:50:15","ZENETH","SELL","0.0713","2.356","0.16798280","0.00263044","BNB"
"2018-10-24 09:46:44","ZENETH","BUY","0.06974","3.7","0.25803800","0.00405696","BNB"
"2018-10-24 08:04:33","ZENETH","SELL","0.07016","7.642","0.53616272","0.0083758","BNB"
"2018-10-24 00:25:53","REPETH","SELL","0.07312","3.176","0.23222912","0.00362436","BNB"
"2018-10-24 00:19:53","REPETH","SELL","0.07003","3.025","0.21184075","0.00330205","BNB"
"2018-10-24 00:05:32","REPETH","SELL","0.06733","2.881","0.19397773","0.00302025","BNB"
"2018-10-23 20:50:52","ZENETH","BUY","0.06795","0.416","0.02826720","0.00044232","BNB"
"2018-10-23 20:50:16","ZENETH","BUY","0.06795","3.541","0.24061095","0.00375011","BNB"
"2018-10-23 19:13:45","ZENETH","BUY","0.06934","3.693","0.25607262","0.0040006","BNB"
"2018-10-23 18:32:24","ZENETH","SELL","0.06861","11.925","0.81817425","0.01269701","BNB"
"2018-10-22 06:40:35","ZENETH","BUY","0.06564","4.268","0.28015152","0.00446422","BNB"
"2018-10-21 17:59:31","ZENETH","BUY","0.06726","3.967","0.26682042","0.00422487","BNB"
"2018-10-21 14:34:20","REPETH","SELL","0.06499","2.744","0.17833256","0.00281562","BNB"
"2018-10-21 11:41:04","REPETH","SELL","0.06297","0.001","0.00006297","0.00000093","BNB"
"2018-10-21 11:40:28","REPETH","SELL","0.06297","2.612","0.16447764","0.00258357","BNB"
"2018-10-21 09:48:07","ZENETH","BUY","0.06864","3.702","0.25410528","0.00400878","BNB"
"2018-10-21 01:07:49","ZENETH","SELL","0.07018","3.687","0.25875366","0.00407757","BNB"
"2018-10-20 21:37:38","ZENETH","BUY","0.06864","2.093","0.14366352","0.00225825","BNB"
"2018-10-20 21:36:52","ZENETH","BUY","0.06864","1.598","0.10968672","0.00172405","BNB"
"2018-10-20 17:33:31","ZENETH","SELL","0.07018","3.687","0.25875366","0.00406741","BNB"
"2018-10-20 14:50:30","ZENETH","BUY","0.06864","3.691","0.25335024","0.00399714","BNB"
"2018-10-20 13:45:30","ZENETH","SELL","0.07251","7.409","0.53722659","0.00845744","BNB"
"2018-10-20 13:45:30","ZENETH","SELL","0.07261","0.134","0.00972974","0.00015317","BNB"
"2018-10-20 13:44:40","ZENETH","BUY","0.06726","2.041","0.13727766","0.00215991","BNB"
"2018-10-20 13:44:40","ZENETH","BUY","0.06726","0.196","0.01318296","0.00020742","BNB"
"2018-10-20 13:44:40","ZENETH","BUY","0.06726","1.669","0.11225694","0.00177919","BNB"
"2018-10-20 13:44:26","ZENETH","BUY","0.06864","3.544","0.24326016","0.0038309","BNB"
"2018-10-20 13:44:20","ZENETH","BUY","0.06864","0.101","0.00693264","0.00011619","BNB"
"2018-10-20 13:33:44","ZENETH","SELL","0.07018","3.641","0.25552538","0.00402219","BNB"
"2018-10-20 13:24:19","ZENETH","BUY","0.06864","3.645","0.25019280","0.00396105","BNB"
"2018-10-20 13:14:12","ZENETH","SELL","0.06923","15.766","1.09148018","0.01717033","BNB"
"2018-10-19 09:30:34","LTCETH","SELL","0.2611","0.271","0.07075810","0.00110567","BNB"
"2018-10-19 00:40:03","LTCBNB","SELL","5.43","0.57543","3.12458490","0.00234343","BNB"
"2018-10-19 00:31:36","LTCBNB","SELL","5.43","0.00001","0.00005430","0.00000003","BNB"
"2018-10-19 00:31:31","LTCBNB","SELL","5.43","0.00001","0.00005430","0.00000003","BNB"
"2018-10-19 00:31:27","LTCBNB","SELL","5.43","0.00007","0.00038010","0.00000028","BNB"
"2018-10-19 00:31:25","LTCBNB","SELL","5.43","0.00028","0.00152040","0.00000114","BNB"
"2018-10-19 00:31:22","LTCBNB","SELL","5.43","0.0011","0.00597300","0.00000447","BNB"
"2018-10-19 00:31:18","LTCBNB","SELL","5.43","0.0044","0.02389200","0.00001791","BNB"
"2018-10-19 00:31:14","LTCBNB","SELL","5.43","0.00587","0.03187410","0.0000239","BNB"
"2018-10-19 00:31:11","LTCBNB","SELL","5.43","0.03583","0.19455690","0.00014592","BNB"
"2018-10-18 15:30:15","ZENETH","BUY","0.06523","4.4","0.28701200","0.00445265","BNB"
"2018-10-17 22:26:12","ZENETH","BUY","0.06717","4.07","0.27338190","0.00428653","BNB"
"2018-10-17 10:39:05","REPETH","SELL","0.06125","0.387","0.02370375","0.00037189","BNB"
"2018-10-17 10:39:05","REPETH","SELL","0.06125","2.102","0.12874750","0.00202033","BNB"
"2018-10-17 07:30:29","ZENETH","BUY","0.06883","3.782","0.26031506","0.00410076","BNB"
"2018-10-17 07:18:11","ZENETH","BUY","0.07024","3.53","0.24794720","0.00390036","BNB"
"2018-10-17 06:42:46","ZENETH","SELL","0.07023","3.6","0.25282800","0.00396636","BNB"
"2018-10-17 05:55:17","ZENETH","BUY","0.06869","3.604","0.24755876","0.00394109","BNB"
"2018-10-17 04:35:31","ZENETH","SELL","0.06904","24.418","1.68581872","0.02676762","BNB"
"2018-10-16 18:36:58","LTCETH","BUY","0.2581","0.254","0.06555740","0.00103176","BNB"
"2018-10-16 18:21:07","LTCETH","BUY","0.2581","0.304","0.07846240","0.00123516","BNB"
"2018-10-16 02:24:50","REPETH","SELL","0.05981","2.37","0.14174970","0.00216949","BNB"
"2018-10-16 00:29:22","ZENETH","BUY","0.06238","4.965","0.30971670","0.00473301","BNB"
"2018-10-15 18:26:43","LTCETH","SELL","0.2664","0.285","0.07592400","0.00114262","BNB"
"2018-10-15 15:37:48","LTCBNB","BUY","5.38","0.6233","3.35335400","0.00251916","BNB"
"2018-10-15 07:59:53","LTCETH","SELL","0.2611","0.075","0.01958250","0.00030834","BNB"
"2018-10-15 07:40:16","LTCBNB","SELL","5.53","0.6227","3.44353100","0.00258264","BNB"
"2018-10-15 07:15:26","LTCBNB","BUY","5.44","1.2778","6.95123200","0.00531429","BNB"
"2018-10-15 06:49:38","LTCBTC","BUY","0.008207","0.94","0.00771458","0.0039898","BNB"
"2018-10-15 06:30:22","LTCETH","SELL","0.2611","0.196","0.05117560","0.00081817","BNB"
"2018-10-15 06:15:30","REPETH","SELL","0.05863","1.695","0.09937785","0.00161889","BNB"
"2018-10-15 06:08:59","REPETH","SELL","0.05863","0.562","0.03295006","0.00054157","BNB"
"2018-10-15 05:48:38","LTCETH","BUY","0.2601","0.621","0.16152210","0.00266592","BNB"
"2018-10-15 05:48:02","REPETH","BUY","0.05897","2.258","0.13315426","0.00217587","BNB"
"2018-10-15 05:47:28","ZENETH","BUY","0.06508","1.813","0.11799004","0.00193526","BNB"
"2018-10-15 05:47:11","ZENETH","BUY","0.06508","2.719","0.17695252","0.00290043","BNB"
"2018-10-15 05:28:42","REPETH","SELL","0.06031","1.788","0.10783428","0.00171954","BNB"
"2018-10-15 05:28:39","REPETH","SELL","0.06031","0.468","0.02822508","0.00044999","BNB"
"2018-10-15 05:27:10","LTCBNB","SELL","5.65","0.0063","0.03559500","0.0000267","BNB"
"2018-10-15 05:27:07","LTCBNB","SELL","5.65","0.6475","3.65837500","0.00274378","BNB"
"2018-10-15 05:25:22","REPETH","BUY","0.06052","6.131","0.37104812","0.00585798","BNB"
"2018-10-15 05:25:19","REPETH","BUY","0.06052","3.902","0.23614904","0.00372824","BNB"
"2018-10-15 05:25:16","REPETH","BUY","0.06052","1.775","0.10742300","0.00169606","BNB"
"2018-10-15 05:25:16","REPETH","BUY","0.06052","6.57","0.39761640","0.00627785","BNB"
"2018-10-15 05:19:04","LTCBNB","SELL","5.53","0.6227","3.44353100","0.00258264","BNB"
"2018-10-14 22:50:02","LTCBNB","BUY","5.47","1.92771","10.54457370","0.00790014","BNB"
"2018-10-14 22:46:49","LTCBNB","BUY","5.47","0.03669","0.20069430","0.0001506","BNB"
"2018-10-13 09:25:07","ZENETH","BUY","0.06742","3.107","0.20947394","0.00327477","BNB"
"2018-10-13 09:25:06","ZENETH","BUY","0.06742","1.06","0.07146520","0.00111723","BNB"
"2018-10-13 01:36:40","REPETH","SELL","0.06779","3.022","0.20486138","0.00317821","BNB"
"2018-10-13 01:28:37","REPETH","SELL","0.06518","2.878","0.18758804","0.00291237","BNB"
"2018-10-13 01:11:48","REPETH","SELL","0.06291","2.741","0.17243631","0.00267342","BNB"
"2018-10-13 00:16:19","LTCBNB","SELL","5.7","0.6863","3.91191000","0.00293393","BNB"
"2018-10-12 13:17:42","LTCETH","SELL","0.2717","0.216","0.05868720","0.00090811","BNB"
"2018-10-12 06:10:43","ZENETH","BUY","0.06942","0.97","0.06733740","0.00104758","BNB"
"2018-10-12 01:36:10","ZENETH","BUY","0.06942","2.884","0.20020728","0.00312029","BNB"
"2018-10-11 23:38:47","LTCETH","SELL","0.2653","0.206","0.05465180","0.0008465","BNB"
"2018-10-11 18:04:39","LTCBNB","SELL","5.56","0.10862","0.60392720","0.00045294","BNB"
"2018-10-11 18:04:20","LTCBNB","SELL","5.56","0.18166","1.01002960","0.00075752","BNB"
"2018-10-11 17:50:36","LTCBNB","SELL","5.56","0.00001","0.00005560","0.00000004","BNB"
"2018-10-11 17:47:03","LTCBNB","SELL","5.56","0.36331","2.02000360","0.001515","BNB"
"2018-10-11 14:42:56","ZENETH","BUY","0.07113","3.582","0.25478766","0.00404143","BNB"
"2018-10-11 10:50:05","LTCBNB","SELL","5.45","0.6225","3.39262500","0.00254447","BNB"
"2018-10-11 08:20:55","ZENETH","BUY","0.07259","2.28","0.16550520","0.00259525","BNB"
"2018-10-11 08:04:28","ZENETH","BUY","0.07259","1.063","0.07716317","0.00121199","BNB"
"2018-10-11 06:20:04","ZENETH","SELL","0.07388","10.218","0.75490584","0.01184201","BNB"
"2018-10-11 01:27:15","BNBETH","SELL","0.04883","6.42","0.31348860","0.00484154","BNB"
"2018-10-11 01:04:50","LTCBNB","BUY","5.46","1.2772","6.97351200","0.00529814","BNB"
"2018-10-11 01:04:42","REPETH","SELL","0.06095","2.61","0.15907950","0.00256515","BNB"
"2018-10-10 10:32:43","REPETH","SELL","0.05929","2.486","0.14739494","0.00242168","BNB"
"2018-10-08 22:04:44","LTCBNB","SELL","5.67","0.6535","3.70534500","0.00277901","BNB"
"2018-10-08 11:11:16","REPETH","SELL","0.0579","2.367","0.13704930","0.00220042","BNB"
"2018-10-08 11:11:16","REPETH","SELL","0.0579","0.001","0.00005790","0.00000096","BNB"
"2018-10-07 11:12:56","ZENETH","BUY","0.07048","3.73","0.26289040","0.00423328","BNB"
"2018-10-07 10:29:31","LTCETH","SELL","0.2601","0.196","0.05097960","0.00082031","BNB"
"2018-10-06 16:33:45","LTCBNB","SELL","5.55","0.0224","0.12432000","0.00009324","BNB"
"2018-10-06 16:30:20","LTCBNB","SELL","5.55","0.6","3.33000000","0.0024975","BNB"
"2018-10-06 11:42:58","LTCETH","BUY","0.2544","0.197","0.05011680","0.00080978","BNB"
"2018-10-06 09:08:04","REPETH","SELL","0.05676","0.103","0.00584628","0.00009471","BNB"
"2018-10-06 09:03:23","REPETH","SELL","0.05676","2.152","0.12214752","0.00197623","BNB"
"2018-10-05 20:59:26","LTCETH","SELL","0.2601","0.196","0.05097960","0.00080194","BNB"
"2018-10-05 20:45:19","REPETH","BUY","0.05686","2.257","0.12833302","0.00201893","BNB"
"2018-10-05 17:49:01","LTCETH","BUY","0.2597","0.197","0.05116090","0.00080706","BNB"
"2018-10-05 08:27:01","LTCBNB","BUY","5.5","0.623","3.42650000","0.00256863","BNB"
"2018-10-05 08:26:51","BNBETH","SELL","0.04757","3.02","0.14366140","0.00226287","BNB"
"2018-10-05 08:26:51","BNBETH","SELL","0.04757","3.09","0.14699130","0.00231533","BNB"
"2018-10-05 02:24:23","ZENETH","SELL","0.07489","0.175","0.01310575","0.00021161","BNB"
"2018-10-04 22:18:04","EOSETH","SELL","0.02619","6.9","0.18071100","0.00292825","BNB"
"2018-10-04 03:05:08","ZENETH","BUY","0.07243","1.106","0.08010758","0.00131493","BNB"
"2018-10-04 03:01:07","ZENETH","BUY","0.07243","0.151","0.01093693","0.0001793","BNB"
"2018-10-04 02:22:12","ZENETH","BUY","0.07243","2.2","0.15934600","0.00260157","BNB"
"2018-10-04 01:12:57","LTCBNB","SELL","5.65","0.6224","3.51656000","0.00263742","BNB"
"2018-10-03 23:30:20","EOSETH","SELL","0.02559","6.57","0.16812630","0.00270335","BNB"
"2018-10-03 16:48:56","LTCBNB","BUY","5.5","0.623","3.42650000","0.00257474","BNB"
"2018-10-03 06:29:57","REPETH","SELL","0.05816","0.001","0.00005816","0.00000096","BNB"
"2018-10-03 06:02:01","REPETH","SELL","0.05816","2.254","0.13109264","0.00210517","BNB"
"2018-10-03 05:16:08","ZENETH","BUY","0.07414","0.216","0.01601424","0.00025827","BNB"
"2018-10-03 05:15:03","ZENETH","BUY","0.07414","3","0.22242000","0.00358424","BNB"
"2018-10-03 04:23:33","REPETH","BUY","0.05804","4.625","0.26843500","0.00435282","BNB"
"2018-10-03 04:21:16","LTCBNB","SELL","5.65","0.00241","0.01361650","0.00001021","BNB"
"2018-10-03 04:21:16","LTCBNB","SELL","5.65","0.61999","3.50294350","0.0026272","BNB"
"2018-10-03 02:30:58","LTCBNB","BUY","5.61","1.005","5.63805000","0.00422683","BNB"
"2018-10-03 02:30:58","LTCBNB","BUY","5.61","2.4361","13.66652100","0.01024577","BNB"
"2018-10-02 22:48:56","BNBETH","SELL","0.04645","5.82","0.27033900","0.00436212","BNB"
"2018-10-02 20:56:16","BNBETH","SELL","0.04546","5.54","0.25184840","0.00416072","BNB"
"2018-10-02 20:15:01","BNBETH","SELL","0.0446","5.28","0.23548800","0.00396028","BNB"
"2018-10-02 17:25:07","BNBETH","SELL","0.04386","1.69","0.07412340","0.00126878","BNB"
"2018-10-02 17:24:49","BNBETH","SELL","0.04386","1.57","0.06886020","0.00117794","BNB"
"2018-10-02 17:24:27","BNBETH","SELL","0.04386","0.93","0.04078980","0.0006979","BNB"
"2018-10-02 17:24:20","BNBETH","SELL","0.04386","0.1","0.00438600","0.00007512","BNB"
"2018-10-02 17:23:01","BNBETH","SELL","0.04386","0.01","0.00043860","0.00000753","BNB"
"2018-10-02 17:22:34","BNBETH","SELL","0.04386","0.73","0.03201780","0.00054793","BNB"
"2018-10-02 16:17:40","ETCETH","SELL","0.04956","1.74","0.08623440","0.00148271","BNB"
"2018-10-02 16:15:25","ETCETH","SELL","0.04956","2.82","0.13975920","0.00240378","BNB"
"2018-10-02 16:13:49","ETCETH","SELL","0.04956","0.27","0.01338120","0.00023001","BNB"
"2018-10-02 09:58:41","REPETH","SELL","0.05994","2.367","0.14187798","0.002445","BNB"
"2018-10-02 06:02:53","REPETH","SELL","0.05876","0.44","0.02585440","0.00044787","BNB"
"2018-10-02 06:02:15","REPETH","SELL","0.05876","1.814","0.10659064","0.00184745","BNB"
"2018-10-01 23:22:59","REPETH","BUY","0.05745","2.256","0.12960720","0.00226183","BNB"
"2018-10-01 21:25:12","EOSETH","SELL","0.02506","6.26","0.15687560","0.00272421","BNB"
"2018-10-01 18:30:48","ETCETH","BUY","0.04884","1.62","0.07912080","0.00136945","BNB"
"2018-10-01 18:30:42","ETCETH","BUY","0.04884","1.45","0.07081800","0.00122582","BNB"
"2018-10-01 18:30:41","ETCETH","BUY","0.04884","1.77","0.08644680","0.00149635","BNB"
"2018-10-01 17:41:57","ZENETH","SELL","0.07449","6.606","0.49208094","0.00848896","BNB"
"2018-10-01 15:40:24","ZENETH","BUY","0.07204","0.41","0.02953640","0.00050974","BNB"
"2018-10-01 14:57:53","ZENETH","BUY","0.07204","3.015","0.21720060","0.00375354","BNB"
"2018-10-01 07:50:34","ZENETH","BUY","0.07374","3.187","0.23500938","0.00408757","BNB"
"2018-10-01 07:39:56","ETCETH","SELL","0.04896","3.23","0.15814080","0.0027453","BNB"
"2018-10-01 07:06:34","ZENETH","SELL","0.07394","12.879","0.95227326","0.01656104","BNB"
"2018-10-01 02:07:26","REPETH","SELL","0.05876","2.254","0.13244504","0.00232238","BNB"
"2018-09-30 23:01:02","EOSETH","SELL","0.0246","5.96","0.14661600","0.00257248","BNB"
"2018-09-30 21:40:57","EOSETH","SELL","0.02421","5.68","0.13751280","0.00237474","BNB"
"2018-09-30 20:24:46","EOSETH","BUY","0.02354","5.69","0.13394260","0.00233439","BNB"
"2018-09-30 20:21:28","REPETH","BUY","0.05806","7.109","0.41274854","0.00722199","BNB"
"2018-09-30 20:06:03","EOSETH","SELL","0.02411","4.44","0.10704840","0.00187125","BNB"
"2018-09-30 20:06:03","EOSETH","SELL","0.02411","1.24","0.02989640","0.00052266","BNB"
"2018-09-30 20:01:46","EOSETH","BUY","0.02417","5.68","0.13728560","0.00240766","BNB"
"2018-09-30 17:50:53","REPETH","SELL","0.06081","2.484","0.15105204","0.00265737","BNB"
"2018-09-30 07:48:27","REPETH","SELL","0.05924","2.366","0.14016184","0.00247161","BNB"
"2018-09-30 03:59:48","ZENETH","BUY","0.07092","8.386","0.59473512","0.01054166","BNB"
"2018-09-30 03:32:37","ETCETH","BUY","0.04879","3.24","0.15807960","0.0027711","BNB"
"2018-09-29 15:56:47","REPETH","SELL","0.05796","2.253","0.13058388","0.0022758","BNB"
"2018-09-29 14:02:16","REPETH","BUY","0.05806","0.001","0.00005806","0.000001","BNB"
"2018-09-29 14:00:25","REPETH","BUY","0.05806","1.487","0.08633522","0.00150753","BNB"
"2018-09-29 14:00:24","REPETH","BUY","0.05806","5.621","0.32635526","0.0056986","BNB"
"2018-09-29 13:25:46","REPETH","SELL","0.06081","2.484","0.15105204","0.00262542","BNB"
"2018-09-29 13:24:36","REPETH","SELL","0.05924","2.366","0.14016184","0.00243492","BNB"
"2018-09-29 12:43:28","REPETH","SELL","0.05796","2.253","0.13058388","0.00227784","BNB"
"2018-09-29 09:46:27","LTCETH","SELL","0.2651","0.196","0.05195960","0.00090183","BNB"
"2018-09-29 09:38:43","BNBETH","SELL","0.04323","4.79","0.20707170","0.00358952","BNB"
"2018-09-29 09:37:50","EOSETH","SELL","0.02476","5.67","0.14038920","0.00244451","BNB"
"2018-09-29 09:26:35","BNBETH","SELL","0.04271","0.62","0.02648020","0.00046541","BNB"
"2018-09-29 09:26:34","BNBETH","SELL","0.04271","1.1","0.04698100","0.00082566","BNB"
"2018-09-29 09:26:34","BNBETH","SELL","0.04271","1.1","0.04698100","0.00082566","BNB"
"2018-09-29 09:26:33","BNBETH","SELL","0.04271","1.74","0.07431540","0.00130617","BNB"
"2018-09-29 09:17:18","LTCETH","BUY","0.2581","1.333","0.34404730","0.00609831","BNB"
"2018-09-29 09:15:46","BNBETH","BUY","0.04286","22.26","0.95406360","0.016695","BNB"
"2018-09-29 09:15:46","BNBETH","BUY","0.04286","0.01","0.00042860","0.0000075","BNB"
"2018-09-29 09:15:46","BNBETH","BUY","0.04286","6.5","0.27859000","0.004875","BNB"
"2018-09-29 09:15:46","BNBETH","BUY","0.04286","2.29","0.09814940","0.0017175","BNB"
"2018-09-29 09:07:13","EOSETH","BUY","0.02468","31.37","0.77421160","0.01352715","BNB"
"2018-09-29 08:09:54","REPETH","BUY","0.05825","4.623","0.26928975","0.0045689","BNB"
"2018-09-28 19:21:06","EOSETH","SELL","0.02629","6.89","0.18113810","0.00300078","BNB"
"2018-09-28 18:35:47","REPETH","SELL","0.06021","2.366","0.14245686","0.0024138","BNB"
"2018-09-27 21:17:03","REPETH","SELL","0.05891","0.652","0.03840932","0.00065672","BNB"
"2018-09-27 21:14:02","REPETH","SELL","0.05891","1.601","0.09431491","0.00161449","BNB"
"2018-09-27 20:15:50","REPETH","BUY","0.05871","0.001","0.00005871","0.00000099","BNB"
"2018-09-27 20:15:50","REPETH","BUY","0.05871","2.367","0.13896657","0.00237345","BNB"
"2018-09-27 20:01:52","REPETH","BUY","0.05843","2.255","0.13175965","0.00226234","BNB"
"2018-09-27 13:28:53","REPETH","SELL","0.06108","2.366","0.14451528","0.00240829","BNB"
"2018-09-27 12:39:45","LTCETH","SELL","0.2845","0.249","0.07084050","0.00117945","BNB"
"2018-09-27 12:17:52","LTCBNB","SELL","6.2","0.7562","4.68844000","0.00351633","BNB"
"2018-09-27 12:14:58","LTCETH","SELL","0.2746","0.237","0.06508020","0.00107884","BNB"
"2018-09-26 22:13:27","REPETH","SELL","0.05976","2.253","0.13463928","0.00224167","BNB"
"2018-09-26 15:29:36","REPETH","BUY","0.0586","4.623","0.27090780","0.00458285","BNB"
"2018-09-25 18:35:09","EOSETH","SELL","0.02569","6.56","0.16852640","0.00278184","BNB"
"2018-09-25 18:24:25","EOSETH","SELL","0.02516","6.25","0.15725000","0.00259678","BNB"
"2018-09-25 11:40:42","LTCETH","SELL","0.266","0.226","0.06011600","0.00096811","BNB"
"2018-09-25 11:35:01","EOSETH","SELL","0.0247","5.95","0.14696500","0.00237983","BNB"
"2018-09-25 09:31:57","ZENETH","SELL","0.0777","1.38","0.10722600","0.00177277","BNB"
"2018-09-25 07:42:11","EOSETH","SELL","0.02431","4.2","0.10210200","0.00167895","BNB"
"2018-09-25 07:41:33","EOSETH","SELL","0.02431","1","0.02431000","0.00040034","BNB"
"2018-09-25 07:41:29","EOSETH","SELL","0.02431","0.47","0.01142570","0.00018828","BNB"
"2018-09-25 07:08:13","ZENETH","SELL","0.07543","1.314","0.09911502","0.00163566","BNB"
"2018-09-25 06:55:17","BNBETH","SELL","0.04579","5.82","0.26649780","0.00437423","BNB"
"2018-09-25 06:28:52","EOSETH","BUY","0.02411","11.64","0.28064040","0.00467529","BNB"
"2018-09-25 06:24:14","BNBETH","SELL","0.04482","5.54","0.24830280","0.00415618","BNB"
"2018-09-25 06:20:26","ZENETH","SELL","0.07344","0.453","0.03326832","0.00056107","BNB"
"2018-09-25 06:20:25","ZENETH","SELL","0.07344","0.798","0.05860512","0.00098839","BNB"
"2018-09-25 06:19:31","REPETH","SELL","0.06057","2.366","0.14330862","0.00241732","BNB"
"2018-09-25 04:12:49","LTCETH","SELL","0.2587","0.215","0.05562050","0.00093942","BNB"
"2018-09-25 03:52:39","REPETH","SELL","0.05926","2.253","0.13351278","0.00225329","BNB"
"2018-09-25 03:14:46","REPETH","BUY","0.0592","2.621","0.15516320","0.00262709","BNB"
"2018-09-25 03:14:44","REPETH","BUY","0.0592","9.83","0.58193600","0.00985284","BNB"
"2018-09-25 00:47:15","REPETH","SELL","0.0654","2.736","0.17893440","0.0030494","BNB"
"2018-09-25 00:44:24","REPETH","SELL","0.06262","2.606","0.16318772","0.0027774","BNB"
"2018-09-25 00:42:31","REPETH","SELL","0.06028","2.482","0.14961496","0.00254247","BNB"
"2018-09-25 00:24:55","REPETH","SELL","0.05834","1.573","0.09176882","0.00156069","BNB"
"2018-09-25 00:24:53","REPETH","SELL","0.05834","0.791","0.04614694","0.00078485","BNB"
"2018-09-24 22:40:49","BNBETH","SELL","0.04397","5.28","0.23216160","0.00397017","BNB"
"2018-09-24 22:39:44","LTCETH","SELL","0.2526","0.205","0.05178300","0.00088809","BNB"
"2018-09-24 19:40:47","ZENETH","SELL","0.07171","0.027","0.00193617","0.00003366","BNB"
"2018-09-24 19:38:52","ZENETH","SELL","0.07171","0.418","0.02997478","0.0005208","BNB"
"2018-09-24 19:38:09","ZENETH","SELL","0.07171","0.373","0.02674783","0.00046463","BNB"
"2018-09-24 19:37:04","ZENETH","SELL","0.07171","0.373","0.02674783","0.00046501","BNB"
"2018-09-24 19:08:51","ZENETH","SELL","0.07023","1.134","0.07964082","0.00138532","BNB"
"2018-09-24 17:50:32","ZENETH","SELL","0.06898","1.08","0.07449840","0.00130719","BNB"
"2018-09-24 15:32:31","ZENETH","SELL","0.06796","1.029","0.06993084","0.00121452","BNB"
"2018-09-24 12:24:27","LTCETH","SELL","0.2476","0.007","0.00173320","0.00003041","BNB"
"2018-09-24 12:24:06","LTCETH","SELL","0.2476","0.14","0.03466400","0.0006095","BNB"
"2018-09-24 12:23:53","LTCETH","SELL","0.2476","0.005","0.00123800","0.0000218","BNB"
"2018-09-24 12:23:06","LTCETH","SELL","0.2476","0.043","0.01064680","0.00018731","BNB"
"2018-09-24 11:56:23","LTCETH","BUY","0.2464","0.402","0.09905280","0.00174224","BNB"
"2018-09-24 10:22:09","ZENETH","BUY","0.06711","3.246","0.21783906","0.00385371","BNB"
"2018-09-24 06:50:19","BNBETH","SELL","0.04324","5.03","0.21749720","0.00379236","BNB"
"2018-09-24 06:41:16","REPETH","SELL","0.05676","2.251","0.12776676","0.00224441","BNB"
"2018-09-24 06:41:13","BNBETH","SELL","0.04262","4.79","0.20414980","0.00359094","BNB"
"2018-09-23 20:31:26","REPETH","BUY","0.0555","2.253","0.12504150","0.00222781","BNB"
"2018-09-23 14:51:13","BNBETH","SELL","0.04211","0.01","0.00042110","0.00000747","BNB"
"2018-09-23 14:51:10","BNBETH","SELL","0.04211","4.55","0.19160050","0.0034116","BNB"
"2018-09-23 13:50:41","ZENETH","SELL","0.06977","1.134","0.07911918","0.0014188","BNB"
"2018-09-23 13:49:18","ZENETH","SELL","0.06853","1.08","0.07401240","0.00132527","BNB"
"2018-09-23 12:46:04","ZENETH","SELL","0.06751","1.029","0.06946779","0.00124143","BNB"
"2018-09-23 09:12:13","ZENETH","BUY","0.06763","0.001","0.00006763","0.0000012","BNB"
"2018-09-23 09:07:53","ZENETH","BUY","0.06763","2.334","0.15784842","0.00281757","BNB"
"2018-09-23 07:58:19","ZENETH","SELL","0.06916","0.953","0.06590948","0.00116403","BNB"
"2018-09-23 07:58:19","ZENETH","SELL","0.06916","1.38","0.09544080","0.00168557","BNB"
"2018-09-23 03:00:04","LTCETH","SELL","0.2557","0.001","0.00025570","0.00000453","BNB"
"2018-09-23 03:00:03","LTCETH","SELL","0.2557","0.204","0.05216280","0.00091023","BNB"
"2018-09-22 14:37:55","REPETH","SELL","0.05676","2.251","0.12776676","0.00222714","BNB"
"2018-09-22 13:38:18","REPETH","BUY","0.05589","2.253","0.12592017","0.00220173","BNB"
"2018-09-22 08:35:35","REPETH","SELL","0.05716","1.807","0.10328812","0.00180127","BNB"
"2018-09-22 08:23:56","REPETH","SELL","0.05716","0.444","0.02537904","0.0004445","BNB"
"2018-09-22 06:50:07","REPETH","BUY","0.05589","2.253","0.12592017","0.00222363","BNB"
"2018-09-22 03:13:05","LTCETH","SELL","0.2506","0.195","0.04886700","0.00085379","BNB"
"2018-09-22 03:11:35","REPETH","SELL","0.05716","2.251","0.12866716","0.002256","BNB"
"2018-09-21 22:51:04","REPETH","BUY","0.05784","2.252","0.13025568","0.00232825","BNB"
"2018-09-21 21:00:46","REPETH","SELL","0.05916","2.25","0.13311000","0.00235911","BNB"
"2018-09-21 20:54:08","EOSETH","SELL","0.02491","5.95","0.14821450","0.00263235","BNB"
"2018-09-21 19:14:28","EOSETH","SELL","0.02446","4.82","0.11789720","0.00211939","BNB"
"2018-09-21 19:14:28","EOSETH","SELL","0.02446","0.85","0.02079100","0.00037372","BNB"
"2018-09-21 19:12:09","LTCBNB","SELL","5.96","0.7202","4.29239200","0.00321929","BNB"
"2018-09-21 19:10:21","BNBETH","BUY","0.04167","9.94","0.41419980","0.007455","BNB"
"2018-09-21 18:56:23","ZENETH","BUY","0.06804","3.015","0.20514060","0.00360316","BNB"
"2018-09-21 18:56:19","BNBETH","BUY","0.04257","9.27","0.39462390","0.0069525","BNB"
"2018-09-21 18:56:14","EOSETH","BUY","0.02456","0.68","0.01670080","0.00029407","BNB"
"2018-09-21 18:56:11","EOSETH","BUY","0.02456","23.79","0.58428240","0.01027599","BNB"
"2018-09-21 18:50:19","BNBETH","BUY","0.0434","8.66","0.37584400","0.006495","BNB"
"2018-09-21 18:50:09","REPETH","BUY","0.05888","4.408","0.25954304","0.00447231","BNB"
"2018-09-21 18:50:01","REPETH","BUY","0.05888","2.477","0.14584576","0.00251265","BNB"
"2018-09-21 18:50:01","REPETH","BUY","0.05888","0.215","0.01265920","0.00021809","BNB"
"2018-09-21 18:48:32","BNBETH","BUY","0.04417","8.1","0.35777700","0.006075","BNB"
"2018-09-21 09:32:04","REPETH","SELL","0.06127","0.001","0.00006127","0.00000099","BNB"
"2018-09-21 09:32:03","REPETH","SELL","0.06127","2.48","0.15194960","0.00252575","BNB"
"2018-09-21 08:18:35","REPETH","SELL","0.06011","2.363","0.14203993","0.00237591","BNB"
"2018-09-21 07:42:25","REPETH","SELL","0.05916","2.25","0.13311000","0.00221895","BNB"
"2018-09-21 04:05:28","REPETH","BUY","0.05842","0.001","0.00005842","0.00000097","BNB"
"2018-09-21 04:01:43","REPETH","BUY","0.05842","1.848","0.10796016","0.00179284","BNB"
"2018-09-20 23:41:41","LTCETH","BUY","0.2521","0.196","0.04941160","0.00082713","BNB"
"2018-09-20 23:41:31","BNBETH","BUY","0.04488","7.59","0.34063920","0.0056925","BNB"
"2018-09-20 23:02:03","EOSETH","SELL","0.02594","6.56","0.17016640","0.0028296","BNB"
"2018-09-20 22:58:29","REPETH","BUY","0.05931","4.617","0.27383427","0.00452689","BNB"
"2018-09-20 22:57:29","BNBETH","BUY","0.04554","0.01","0.00045540","0.0000075","BNB"
"2018-09-20 22:57:26","BNBETH","BUY","0.04554","7.12","0.32424480","0.00534","BNB"
"2018-09-20 21:05:42","REPETH","SELL","0.06231","1.848","0.11514888","0.00185394","BNB"
"2018-09-20 20:39:19","EOSETH","SELL","0.02534","6.25","0.15837500","0.00255991","BNB"
"2018-09-20 19:33:59","REPETH","SELL","0.06113","0.454","0.02775302","0.0004494","BNB"
"2018-09-20 19:18:39","REPETH","SELL","0.06113","1.909","0.11669717","0.00189026","BNB"
"2018-09-20 15:42:59","REPETH","SELL","0.06016","2.25","0.13536000","0.00220679","BNB"
"2018-09-19 19:20:30","BNBETH","BUY","0.04614","6.7","0.30913800","0.005025","BNB"
"2018-09-19 18:59:08","BNBETH","SELL","0.04652","6.77","0.31494040","0.00507777","BNB"
"2018-09-19 18:47:59","EOSETH","SELL","0.02482","5.95","0.14767900","0.00240791","BNB"
"2018-09-19 17:46:42","EOSETH","SELL","0.02438","5.67","0.13823460","0.00226899","BNB"
"2018-09-19 17:10:26","EOSETH","BUY","0.02391","11.62","0.27783420","0.00458815","BNB"
"2018-09-19 08:04:46","BNBETH","BUY","0.04549","6.78","0.30842220","0.005085","BNB"
"2018-09-19 06:23:12","BNBETH","SELL","0.04561","11","0.50171000","0.0082553","BNB"
"2018-09-19 01:31:38","BNBETH","SELL","0.04595","0.01","0.00045950","0.0000075","BNB"
"2018-09-19 01:31:35","BNBETH","SELL","0.04595","6.8","0.31246000","0.00509898","BNB"
"2018-09-19 01:31:34","BNBETH","SELL","0.04595","0.01","0.00045950","0.00000749","BNB"
"2018-09-19 01:31:30","BNBETH","SELL","0.04595","5.34","0.24537300","0.00399779","BNB"
"2018-09-18 16:44:30","BNBETH","BUY","0.04465","6.28","0.28040200","0.00471","BNB"
"2018-09-18 16:04:03","EOSETH","SELL","0.0247","4.61","0.11386700","0.00188347","BNB"
"2018-09-18 16:02:16","EOSETH","SELL","0.0247","1.33","0.03285100","0.00054407","BNB"
"2018-09-18 16:00:29","EOSETH","SELL","0.02426","5.66","0.13731160","0.00226962","BNB"
"2018-09-18 15:05:04","ZENETH","BUY","0.07065","0.936","0.06612840","0.00112202","BNB"
"2018-09-18 15:05:04","ZENETH","BUY","0.07065","1.829","0.12921885","0.0021925","BNB"
"2018-09-18 15:02:30","BNBETH","BUY","0.04524","5.9","0.26691600","0.004425","BNB"
"2018-09-18 14:53:56","LTCETH","SELL","0.2591","0.195","0.05052450","0.00083602","BNB"
"2018-09-18 13:57:54","EOSETH","BUY","0.02391","11.62","0.27783420","0.00462773","BNB"
"2018-09-18 12:26:59","LTCETH","BUY","0.2556","0.4","0.10224000","0.00168303","BNB"
"2018-09-18 12:26:18","ZENETH","BUY","0.07295","2.55","0.18602250","0.00307152","BNB"
"2018-09-18 12:24:33","ZENETH","BUY","0.07497","2.363","0.17715411","0.00285386","BNB"
"2018-09-18 11:32:00","ZENETH","BUY","0.07674","2.199","0.16875126","0.00266696","BNB"
"2018-09-18 06:49:21","ZENETH","SELL","0.07743","2.223","0.17212689","0.00271305","BNB"
"2018-09-18 05:02:38","ZENETH","BUY","0.07574","2.225","0.16852150","0.00267588","BNB"
"2018-09-17 19:53:35","LTCETH","SELL","0.2648","0.205","0.05428400","0.00086699","BNB"
"2018-09-17 19:53:21","EOSETH","SELL","0.0247","5.94","0.14671800","0.0023397","BNB"
"2018-09-17 19:52:51","ZENETH","SELL","0.07611","0.001","0.00007611","0.00000127","BNB"
"2018-09-17 19:51:58","ZENETH","SELL","0.07611","1.754","0.13349694","0.00214679","BNB"
"2018-09-17 19:51:57","ZENETH","SELL","0.07611","0.498","0.03790278","0.00060945","BNB"
"2018-09-17 18:38:28","ZENETH","BUY","0.07444","2.255","0.16786220","0.00272589","BNB"
"2018-09-17 17:42:52","ZENETH","SELL","0.0752","4.652","0.34983040","0.00566134","BNB"
"2018-09-17 15:09:22","EOSETH","SELL","0.02426","5.66","0.13731160","0.00225878","BNB"
"2018-09-17 14:19:53","EOSETH","BUY","0.02407","0.88","0.02118160","0.00035386","BNB"
"2018-09-17 14:19:53","EOSETH","BUY","0.02407","1.11","0.02671770","0.00044635","BNB"
"2018-09-17 14:19:52","EOSETH","BUY","0.02407","9.63","0.23179410","0.00387246","BNB"
"2018-09-17 11:41:30","ZENETH","BUY","0.07272","0.001","0.00007272","0.0000012","BNB"
"2018-09-17 11:41:27","ZENETH","BUY","0.07272","2.411","0.17532792","0.00293975","BNB"
"2018-09-17 08:53:49","ZENETH","BUY","0.07444","2.244","0.16704336","0.00273579","BNB"
"2018-09-17 08:14:58","ZENETH","SELL","0.07495","0.5","0.03747500","0.0006147","BNB"
"2018-09-17 07:56:59","ZENETH","BUY","0.07474","0.5","0.03737000","0.0006191","BNB"
"2018-09-17 07:09:29","ZENETH","SELL","0.07418","0.001","0.00007418","0.00000115","BNB"
"2018-09-17 07:08:52","ZENETH","SELL","0.07418","1.173","0.08701314","0.00143806","BNB"
"2018-09-17 06:24:59","ZENETH","SELL","0.07418","6.006","0.44552508","0.00734751","BNB"
"2018-09-17 00:15:59","ZENETH","BUY","0.07058","0.475","0.03352550","0.00056357","BNB"
"2018-09-17 00:15:59","ZENETH","BUY","0.07058","2.109","0.14885322","0.00250228","BNB"
"2018-09-16 04:03:22","EOSETH","SELL","0.02499","5.94","0.14844060","0.00239004","BNB"
"2018-09-15 18:13:23","REPETH","BUY","0.05888","4.764","0.28050432","0.00470966","BNB"
"2018-09-15 17:17:21","EOSETH","SELL","0.02431","4.3","0.10453300","0.00173507","BNB"
"2018-09-15 17:16:49","EOSETH","SELL","0.02431","1.36","0.03306160","0.00054844","BNB"
"2018-09-15 17:02:53","LTCETH","SELL","0.2576","0.195","0.05023200","0.00083728","BNB"
"2018-09-15 16:05:33","EOSETH","BUY","0.02417","5.67","0.13704390","0.00229243","BNB"
"2018-09-15 13:45:54","LTCETH","BUY","0.2617","0.195","0.05103150","0.00084182","BNB"
"2018-09-15 13:30:29","ZENETH","BUY","0.07266","2.39","0.17365740","0.00286683","BNB"
"2018-09-15 07:53:12","LTCETH","SELL","0.2676","0.195","0.05218200","0.00082524","BNB"
"2018-09-15 04:06:31","ZENETH","BUY","0.07474","0.039","0.00291486","0.00004605","BNB"
"2018-09-15 04:05:15","ZENETH","BUY","0.07474","2.174","0.16248476","0.00256626","BNB"
"2018-09-14 23:59:41","ZENETH","SELL","0.07691","6.892","0.53006372","0.00842627","BNB"
"2018-09-14 16:34:50","ZENETH","BUY","0.07318","2.48","0.18148640","0.00294501","BNB"
"2018-09-14 11:26:14","ZENETH","BUY","0.07533","2.294","0.17280702","0.00278442","BNB"
"2018-09-14 09:40:45","ZENETH","BUY","0.07749","2.124","0.16458876","0.00264695","BNB"
"2018-09-14 08:53:27","ZENETH","SELL","0.07815","6.736","0.52641840","0.00857487","BNB"
"2018-09-14 04:10:13","EOSETH","SELL","0.02476","3.27","0.08096520","0.00137394","BNB"
"2018-09-14 04:10:13","EOSETH","SELL","0.02476","2.39","0.05917640","0.00100419","BNB"
"2018-09-14 04:07:19","EOSETH","BUY","0.02445","46.07","1.12641150","0.01932952","BNB"
"2018-09-14 03:19:45","REPETH","BUY","0.06258","4.269","0.26715402","0.00456411","BNB"
"2018-09-14 02:12:24","ZENETH","BUY","0.07436","1.931","0.14358916","0.00240241","BNB"
"2018-09-14 02:11:52","ZENETH","BUY","0.07436","0.493","0.03665948","0.00061318","BNB"
"2018-09-13 23:04:07","ZENETH","BUY","0.07655","0.001","0.00007655","0.00000124","BNB"
"2018-09-13 23:01:11","ZENETH","BUY","0.07655","1.231","0.09423305","0.0015377","BNB"
"2018-09-13 23:00:45","ZENETH","BUY","0.07655","1.01","0.07731550","0.00126198","BNB"
"2018-09-13 17:37:17","LTCBNB","SELL","5.73","0.6859","3.93020700","0.00294765","BNB"
"2018-09-13 15:46:26","ZENETH","BUY","0.07874","2.076","0.16346424","0.00260306","BNB"
"2018-09-13 14:21:34","ZENETH","SELL","0.08135","4.192","0.34101920","0.00538163","BNB"
"2018-09-13 13:45:52","ZENETH","BUY","0.07849","1.56","0.12244440","0.00196099","BNB"
"2018-09-13 13:45:52","ZENETH","BUY","0.07849","0.619","0.04858531","0.00077811","BNB"
"2018-09-13 13:45:48","REPETH","BUY","0.0658","0.969","0.06376020","0.00102648","BNB"
"2018-09-13 13:45:48","REPETH","BUY","0.0658","2.898","0.19068840","0.00306991","BNB"
"2018-09-13 13:22:00","ZENETH","BUY","0.08074","2.017","0.16285258","0.00254928","BNB"
"2018-09-13 12:25:20","REPETH","BUY","0.06882","0.001","0.00006882","0.00000105","BNB"
"2018-09-13 12:25:19","REPETH","BUY","0.06882","3.52","0.24224640","0.00373004","BNB"
"2018-09-13 12:00:43","LTCETH","BUY","0.2749","0.081","0.02226690","0.00033922","BNB"
"2018-09-13 12:00:31","LTCETH","BUY","0.2749","0.76","0.20892400","0.00318273","BNB"
"2018-09-13 00:25:19","REPETH","BUY","0.0705","3.273","0.23074650","0.00353152","BNB"
"2018-09-12 22:03:43","ZENETH","SELL","0.08357","1.986","0.16597002","0.00247669","BNB"
"2018-09-12 21:32:22","REPETH","BUY","0.07218","3.045","0.21978810","0.00330271","BNB"
"2018-09-12 19:26:36","ZENETH","BUY","0.08174","1.988","0.16249912","0.00243484","BNB"
"2018-09-12 17:37:36","LTCBNB","SELL","5.5","0.11745","0.64597500","0.00048448","BNB"
"2018-09-12 17:37:08","LTCBNB","SELL","5.5","0.39","2.14500000","0.00160875","BNB"
"2018-09-12 17:36:34","LTCBNB","SELL","5.5","0.14575","0.80162500","0.00060122","BNB"
"2018-09-12 08:57:09","LTCBNB","SELL","5.26","0.6221","3.27224600","0.00245418","BNB"
"2018-09-12 08:29:31","LTCBNB","BUY","5.28","0.63732","3.36504960","0.00252636","BNB"
"2018-09-12 08:29:29","LTCBNB","BUY","5.28","2.46572","13.01900160","0.00977425","BNB"
"2018-09-12 08:29:15","LTCBNB","BUY","5.28","0.33596","1.77386880","0.00133065","BNB"
"2018-09-12 06:59:09","LTCETH","SELL","0.2897","0.226","0.06547220","0.00091813","BNB"
"2018-09-12 03:46:35","EOSETH","SELL","0.02762","3.41","0.09418420","0.00133706","BNB"
"2018-09-12 03:46:35","EOSETH","SELL","0.02762","0.55","0.01519100","0.00021564","BNB"
"2018-09-12 03:46:35","EOSETH","SELL","0.02762","1.1","0.03038200","0.00043129","BNB"
"2018-09-12 03:46:33","EOSETH","SELL","0.02762","2.51","0.06932620","0.0009836","BNB"
"2018-09-12 02:51:09","ZENETH","SELL","0.08254","0.937","0.07733998","0.00111222","BNB"
"2018-09-12 02:51:06","ZENETH","SELL","0.08254","1.066","0.08798764","0.001266","BNB"
"2018-09-12 01:09:13","REPETH","BUY","0.07386","2.482","0.18332052","0.00265098","BNB"
"2018-09-12 01:09:13","REPETH","BUY","0.07386","0.09","0.00664740","0.00009612","BNB"
"2018-09-12 01:09:13","REPETH","BUY","0.07386","0.262","0.01935132","0.00027983","BNB"
"2018-09-11 21:58:55","ZENETH","BUY","0.08074","2.005","0.16188370","0.00240819","BNB"
"2018-09-11 19:03:33","REPETH","BUY","0.07554","1.088","0.08218752","0.0012121","BNB"
"2018-09-11 19:03:31","REPETH","BUY","0.07554","1.551","0.11716254","0.00172792","BNB"
"2018-09-11 17:06:30","BNBETH","SELL","0.05073","10.61","0.53824530","0.00796728","BNB"
"2018-09-11 16:06:17","EOSETH","SELL","0.02644","7.21","0.19063240","0.00287205","BNB"
"2018-09-11 15:27:07","ZENETH","SELL","0.08254","0.001","0.00008254","0.00000119","BNB"
"2018-09-11 15:26:34","ZENETH","SELL","0.08254","0.858","0.07081932","0.00105461","BNB"
"2018-09-11 15:02:04","ZENETH","SELL","0.08254","0.606","0.05001924","0.00074793","BNB"
"2018-09-11 15:01:58","ZENETH","SELL","0.08254","0.215","0.01774610","0.00026537","BNB"
"2018-09-11 15:01:58","ZENETH","SELL","0.08254","0.123","0.01015242","0.00015163","BNB"
"2018-09-11 15:01:39","ZENETH","SELL","0.08254","0.215","0.01774610","0.00026525","BNB"
"2018-09-11 11:28:06","ZENETH","BUY","0.08074","2.02","0.16309480","0.00248655","BNB"
"2018-09-11 09:35:04","ZENETH","SELL","0.08135","4.169","0.33914815","0.00520365","BNB"
"2018-09-11 04:36:53","REPETH","SELL","0.0743","5.618","0.41741740","0.00641292","BNB"
"2018-09-10 20:42:45","ZENETH","BUY","0.07849","2.167","0.17008783","0.00265127","BNB"
"2018-09-10 19:58:41","REPETH","BUY","0.07169","0.454","0.03254726","0.00050436","BNB"
"2018-09-10 19:58:39","REPETH","BUY","0.07169","2.466","0.17678754","0.00273958","BNB"
"2018-09-10 15:13:50","ZENETH","BUY","0.08074","2.006","0.16196444","0.00249784","BNB"
"2018-09-10 13:12:54","ZENETH","SELL","0.08254","1.372","0.11324488","0.00174078","BNB"
"2018-09-10 13:11:14","ZENETH","SELL","0.08254","0.624","0.05150496","0.00079185","BNB"
"2018-09-10 08:08:50","ZENETH","BUY","0.08074","1.998","0.16131852","0.00252063","BNB"
"2018-09-10 06:03:29","ZENETH","SELL","0.08254","1.996","0.16474984","0.00255156","BNB"
"2018-09-10 00:02:49","REPETH","BUY","0.07374","1.236","0.09114264","0.00141246","BNB"
"2018-09-10 00:02:46","REPETH","BUY","0.07374","1.468","0.10825032","0.00167759","BNB"
"2018-09-09 22:25:55","LTCETH","SELL","0.2837","0.215","0.06099550","0.00094461","BNB"
"2018-09-09 19:52:09","ZENETH","BUY","0.08074","1.473","0.11893002","0.00187177","BNB"
"2018-09-09 19:46:45","ZENETH","BUY","0.08074","0.525","0.04238850","0.00067069","BNB"
"2018-09-09 16:43:57","LTCETH","SELL","0.2777","0.205","0.05692850","0.00089161","BNB"
"2018-09-09 16:34:48","ZENETH","SELL","0.08215","0.16","0.01314400","0.00020635","BNB"
"2018-09-09 16:25:12","REPETH","SELL","0.07386","2.755","0.20348430","0.00321201","BNB"
"2018-09-09 16:01:10","EOSETH","SELL","0.02529","6.87","0.17374230","0.0027402","BNB"
"2018-09-09 10:10:12","LTCETH","SELL","0.2716","0.195","0.05296200","0.00083563","BNB"
"2018-09-09 09:31:39","LTCETH","BUY","0.2709","0.195","0.05282550","0.00082227","BNB"
"2018-09-09 09:31:30","REPETH","BUY","0.07224","2.758","0.19923792","0.00308721","BNB"
"2018-09-09 07:18:37","LTCETH","SELL","0.277","0.049","0.01357300","0.00020734","BNB"
"2018-09-09 07:18:37","LTCETH","SELL","0.277","0.073","0.02022100","0.00030895","BNB"
"2018-09-09 07:18:37","LTCETH","SELL","0.277","0.073","0.02022100","0.00030895","BNB"
"2018-09-09 02:55:33","REPETH","SELL","0.07386","2.755","0.20348430","0.00313434","BNB"
"2018-09-09 02:53:09","EOSETH","SELL","0.02466","6.54","0.16127640","0.00248532","BNB"
"2018-09-09 00:09:01","ZENETH","SELL","0.08101","1.242","0.10061442","0.00155999","BNB"
"2018-09-09 00:09:01","ZENETH","SELL","0.08101","0.75","0.06075750","0.0009421","BNB"
"2018-09-08 22:32:32","ZENETH","BUY","0.07924","0.001","0.00007924","0.00000123","BNB"
"2018-09-08 22:32:32","ZENETH","BUY","0.07924","1.993","0.15792532","0.00247899","BNB"
"2018-09-08 20:33:12","ZENETH","SELL","0.08101","1.992","0.16137192","0.00249512","BNB"
"2018-09-08 19:09:18","ZENETH","BUY","0.07924","1.994","0.15800456","0.00251712","BNB"
"2018-09-08 19:01:18","ZENETH","SELL","0.08101","1.992","0.16137192","0.00256446","BNB"
"2018-09-08 18:03:08","ZENETH","BUY","0.07924","1.994","0.15800456","0.00248365","BNB"
"2018-09-08 17:10:51","EOSETH","SELL","0.02403","6.23","0.14970690","0.0023693","BNB"
"2018-09-08 16:58:55","ZENETH","SELL","0.07927","2.029","0.16083883","0.00258207","BNB"
"2018-09-08 11:23:13","ZENETH","BUY","0.07754","2.031","0.15748374","0.00258716","BNB"
"2018-09-08 08:23:30","ZENETH","SELL","0.07795","2.06","0.16057700","0.00261447","BNB"
"2018-09-08 07:21:58","ZENETH","BUY","0.07624","2.062","0.15720688","0.00255941","BNB"
"2018-09-07 18:27:17","EOSETH","SELL","0.0234","5.93","0.13876200","0.00227268","BNB"
"2018-09-06 23:35:51","EOSETH","SELL","0.02276","5.65","0.12859400","0.00216074","BNB"
"2018-09-06 11:38:22","ZENETH","SELL","0.07179","2.225","0.15973275","0.00279582","BNB"
"2018-09-06 09:41:50","ZENETH","BUY","0.07024","2.227","0.15642448","0.00275064","BNB"
"2018-09-06 03:43:13","ZENETH","SELL","0.07079","2.222","0.15729538","0.00278694","BNB"
"2018-09-06 00:50:31","REPETH","BUY","0.07224","1","0.07224000","0.00124277","BNB"
"2018-09-06 00:41:50","ZENETH","BUY","0.06924","2.224","0.15398976","0.00262871","BNB"
"2018-09-06 00:41:09","REPETH","BUY","0.07224","1.364","0.09853536","0.00168972","BNB"
"2018-09-06 00:40:34","REPETH","BUY","0.07224","0.394","0.02846256","0.00048753","BNB"
"2018-09-06 00:19:53","BNBETH","SELL","0.04458","6.73","0.30002340","0.00504219","BNB"
"2018-09-06 00:19:51","BNBETH","SELL","0.04458","3.35","0.14934300","0.00250983","BNB"
"2018-09-06 00:19:48","BNBETH","SELL","0.04458","0.01","0.00044580","0.00000757","BNB"
"2018-09-06 00:19:47","BNBETH","SELL","0.04458","0.01","0.00044580","0.00000757","BNB"
"2018-09-05 23:52:10","BNBETH","SELL","0.04368","8.42","0.36778560","0.0063285","BNB"
"2018-09-05 23:51:12","BNBETH","SELL","0.04368","0.01","0.00043680","0.00000754","BNB"
"2018-09-05 23:51:10","BNBETH","SELL","0.04368","1.19","0.05197920","0.00089176","BNB"
"2018-09-05 23:50:39","EOSBNB","BUY","0.5159","5.66","2.91999400","0.0021953","BNB"
"2018-09-05 23:45:20","BNBETH","SELL","0.04278","9.16","0.39186480","0.00687336","BNB"
"2018-09-05 18:34:27","EOSBNB","SELL","0.5281","0.08","0.04224800","0.00003168","BNB"
"2018-09-05 18:34:00","EOSBNB","SELL","0.5281","5.57","2.94151700","0.00220614","BNB"
"2018-09-05 18:29:50","EOSBNB","BUY","0.5268","14.51","7.64386800","0.00572732","BNB"
"2018-09-05 18:29:50","EOSBNB","BUY","0.5268","31.56","16.62580800","0.01245722","BNB"
"2018-09-05 16:51:17","ZENETH","SELL","0.07079","2.192","0.15517168","0.00277952","BNB"
"2018-09-05 16:50:57","BNBETH","SELL","0.04188","8.72","0.36519360","0.00654645","BNB"
"2018-09-05 16:47:59","REPETH","SELL","0.07386","2.755","0.20348430","0.00367439","BNB"
"2018-09-05 11:31:55","ZENETH","BUY","0.06924","2.194","0.15191256","0.00277938","BNB"
"2018-09-05 11:30:32","REPETH","BUY","0.07224","2.758","0.19923792","0.00365085","BNB"
"2018-09-05 09:59:27","BNBETH","SELL","0.04103","8.3","0.34054900","0.00633026","BNB"
"2018-09-05 09:52:02","REPETH","SELL","0.07386","2.755","0.20348430","0.00378235","BNB"
"2018-09-05 05:53:12","REPETH","BUY","0.07224","2.758","0.19923792","0.0037405","BNB"
"2018-09-05 01:08:33","BNBETH","SELL","0.04017","7.9","0.31734300","0.0059271","BNB"
"2018-09-04 16:03:03","LTCBNB","SELL","6.06","0.2227","1.34956200","0.00101217","BNB"
"2018-09-04 16:01:51","LTCBNB","SELL","6.06","0.12254","0.74259240","0.00055694","BNB"
"2018-09-04 16:01:51","LTCBNB","SELL","6.06","0.11578","0.70162680","0.00052622","BNB"
"2018-09-04 16:01:51","LTCBNB","SELL","6.06","0.18598","1.12703880","0.00084528","BNB"
"2018-09-04 16:01:49","LTCBNB","SELL","6.06","0.109","0.66054000","0.0004954","BNB"
"2018-09-04 14:39:30","ZENETH","SELL","0.06926","2.228","0.15431128","0.0029475","BNB"
"2018-09-04 10:17:37","ZENETH","BUY","0.06774","0.459","0.03109266","0.00058788","BNB"
"2018-09-04 10:17:06","ZENETH","BUY","0.06774","1.094","0.07410756","0.00139425","BNB"
"2018-09-04 10:17:00","ZENETH","BUY","0.06774","0.677","0.04585998","0.0008628","BNB"
"2018-09-04 03:36:58","ZENETH","SELL","0.06691","0.152","0.01017032","0.0001947","BNB"
"2018-09-04 03:24:07","ZENETH","SELL","0.06691","1.13","0.07560830","0.00144887","BNB"
"2018-09-04 03:23:23","ZENETH","SELL","0.06691","1.006","0.06731146","0.00128927","BNB"
"2018-09-04 00:11:54","BNBETH","SELL","0.03932","7.52","0.29568640","0.00564427","BNB"
"2018-09-03 19:48:27","ZENETH","BUY","0.06544","2.29","0.14985760","0.00290607","BNB"
"2018-09-03 19:20:31","ZENETH","SELL","0.06732","2.079","0.13995828","0.00270109","BNB"
"2018-09-03 19:10:04","ZENETH","SELL","0.06732","0.044","0.00296208","0.00005709","BNB"
"2018-09-03 19:04:21","REPETH","SELL","0.07124","0.001","0.00007124","0.00000134","BNB"
"2018-09-03 19:04:19","REPETH","SELL","0.07124","5.839","0.41597036","0.00801933","BNB"
"2018-09-03 16:22:32","ZENETH","SELL","0.06732","0.151","0.01016532","0.00019496","BNB"
"2018-09-03 13:30:22","ZENETH","BUY","0.06584","2.276","0.14985184","0.00288064","BNB"
"2018-09-03 13:15:29","ZENETH","SELL","0.06693","1.797","0.12027321","0.00230162","BNB"
"2018-09-03 13:15:29","ZENETH","SELL","0.06693","10.638","0.71200134","0.01362564","BNB"
"2018-09-02 18:04:27","ZENETH","BUY","0.06262","2.862","0.17921844","0.00354812","BNB"
"2018-09-02 10:50:57","BNBETH","SELL","0.03846","7.16","0.27537360","0.00535997","BNB"
"2018-09-02 09:39:25","BNBETH","BUY","0.03801","13.04","0.49565040","0.00978","BNB"
"2018-09-02 09:39:25","BNBETH","BUY","0.03801","0.28","0.01064280","0.00021","BNB"
"2018-09-02 09:39:06","BNBETH","BUY","0.03801","1.38","0.05245380","0.001035","BNB"
"2018-09-02 03:13:55","ZENETH","BUY","0.06415","2.661","0.17070315","0.00331975","BNB"
"2018-09-01 00:35:33","BNBETH","SELL","0.03932","7.52","0.29568640","0.00563388","BNB"
